1/31/2021 0:00,BTC/USD,34333,34407.00567,32228,33138,192993444.6
1/30/2021 0:00,BTC/USD,34284,34929,32827,34341,250364041.5
1/29/2021 0:00,BTC/USD,33374,38710.69632,31987,34253,981076218.2
1/28/2021 0:00,BTC/USD,30421.23655,33800,29918,33373,306034791.1
1/27/2021 0:00,BTC/USD,32518.3257,32596,29283,30421.23655,449828663.8
1/26/2021 0:00,BTC/USD,32252,32971,30867.03387,32519,277725627.5
1/25/2021 0:00,BTC/USD,32327,34918,31966,32285,298005038.7
1/24/2021 0:00,BTC/USD,32099,33174,31011,32320,190290821.5
1/23/2021 0:00,BTC/USD,33027,33554,31439.42751,32099,226783513.1
1/22/2021 0:00,BTC/USD,30890.6096,33850,28989,33058,519675942.1
1/21/2021 0:00,BTC/USD,35510,35616,30196,30872,690220114.7
1/20/2021 0:00,BTC/USD,35888,36422,33303,35516,502257363.5
1/19/2021 0:00,BTC/USD,36685,37936.57434,35863,35890,346287602.3
1/18/2021 0:00,BTC/USD,35901,37555,34842,36699,308820397.8
1/17/2021 0:00,BTC/USD,36037,36928,33868,35900,353516333.2
1/16/2021 0:00,BTC/USD,36741,37997,35418,36041,390780131.1
1/15/2021 0:00,BTC/USD,39147.32924,39701,34500,36741,571371933.9
1/14/2021 0:00,BTC/USD,37368,40001,36666,39136,507510514.9
1/13/2021 0:00,BTC/USD,34104,37776,32436,37358.07975,556173103.8
1/12/2021 0:00,BTC/USD,35410,36656,32427,34123,756744137.1
1/11/2021 0:00,BTC/USD,38200,38277,30635,35408,1701086864
1/10/2021 0:00,BTC/USD,40170,41399,35260,38200,726248347.9
1/9/2021 0:00,BTC/USD,40500,41399,38700,40168,328317500.9
1/8/2021 0:00,BTC/USD,39387,41969,36555,40509,882517580.3
1/7/2021 0:00,BTC/USD,36791,40383.35092,36123.59073,39401,871266649.9
1/6/2021 0:00,BTC/USD,33978,36932,33335,36760,684448833.8
1/5/2021 0:00,BTC/USD,31991,34493,29861,33985,492205587.7
1/4/2021 0:00,BTC/USD,32990,33593.61628,28540,31990,789742680.9
1/3/2021 0:00,BTC/USD,32185,34873,31975,32968,623388697.2
1/2/2021 0:00,BTC/USD,29349.8325,33292,29000,32183,708441943.2
1/1/2021 0:00,BTC/USD,28939,29620,28716,29349,244540954.1
12/31/2020 0:00,BTC/USD,28886.82529,29286,27557,28938.52187,353780769.1
12/30/2020 0:00,BTC/USD,27312,28977,27312,28880,303504328.4
12/29/2020 0:00,BTC/USD,27044,27329,25859,27316,243543875.5
12/28/2020 0:00,BTC/USD,26242,27442,26068.06572,27053,205648076.2
12/27/2020 0:00,BTC/USD,26423,28244,25813,26241,471208337.5
12/26/2020 0:00,BTC/USD,24720.0882,26723,24489,26413,347320477.8
12/25/2020 0:00,BTC/USD,23743.46713,24802,22855,24720.0882,340662303.2
12/24/2020 0:00,BTC/USD,23207.87493,23790,22701,23743.46713,112897680.7
12/23/2020 0:00,BTC/USD,23804,24144,22655,23208,280296531.3
12/22/2020 0:00,BTC/USD,22712.28178,23812,22348,23805.897,176546083.6
12/21/2020 0:00,BTC/USD,23427,24077,21884,22712.28178,322141427.5
12/20/2020 0:00,BTC/USD,23801,24244,23101,23427,224877400.1
12/19/2020 0:00,BTC/USD,23124,24123,22768,23808,230289114.8
12/18/2020 0:00,BTC/USD,22791,23287,22362,23124,168414910.5
12/17/2020 0:00,BTC/USD,21318,23630,21197,22786,521178867
12/16/2020 0:00,BTC/USD,19459,21444,19317.80054,21318,449295551.9
12/15/2020 0:00,BTC/USD,19282,19607,19070,19459,134798051.5
12/14/2020 0:00,BTC/USD,19180,19350,19008.31355,19282,48873395.07
12/13/2020 0:00,BTC/USD,18818,19416,18720.69723,19180,92663327.56
12/12/2020 0:00,BTC/USD,18050,18944,18049.91182,18818,69310136.92
12/11/2020 0:00,BTC/USD,18263,18299,17629,18049.91182,118648548.5
12/10/2020 0:00,BTC/USD,18558,18568,17935,18260,66750110.72
12/9/2020 0:00,BTC/USD,18329,18630,17742,18558,181270204.6
12/8/2020 0:00,BTC/USD,19196,19322,18271,18329,176382696
12/7/2020 0:00,BTC/USD,19410.03147,19460,18925,19196.06787,43875157.16
12/6/2020 0:00,BTC/USD,19159,19463,18905,19410,84116714.52
12/5/2020 0:00,BTC/USD,18652,19182,18498,19159,70206353.36
12/4/2020 0:00,BTC/USD,19449,19550,18600,18652,161415377.7
12/3/2020 0:00,BTC/USD,19229.12374,19628,18900,19449,102127036
12/2/2020 0:00,BTC/USD,18818.02787,19344,18361,19241,146892512.3
12/1/2020 0:00,BTC/USD,19697,19956,18279,18814,412916625.2
11/30/2020 0:00,BTC/USD,18196,19844,18196,19696.27238,294400479.8
11/29/2020 0:00,BTC/USD,17746,18344,17556,18195.98749,72534047.8
11/28/2020 0:00,BTC/USD,17171,17910,16925,17746,102043516.7
11/27/2020 0:00,BTC/USD,17213,17531,16501,17171,192622768.6
11/26/2020 0:00,BTC/USD,18726.47568,18908,16317,17211.6958,591110932.6
11/25/2020 0:00,BTC/USD,19133.65471,19497,18500,18727,252395105.7
11/24/2020 0:00,BTC/USD,18364,19400,18130,19131,285766530.3
11/23/2020 0:00,BTC/USD,18390,18724,18003,18372,161035574.3
11/22/2020 0:00,BTC/USD,18659.98826,18732,17645,18392,167346248.5
11/21/2020 0:00,BTC/USD,18659.98826,18945,18323,18659.98826,123525000.7
11/20/2020 0:00,BTC/USD,17813,18810,17753,18660,148798751
11/19/2020 0:00,BTC/USD,17774,18166,17344,17818,99343073.3
11/18/2020 0:00,BTC/USD,17674.53552,18450,17119,17774,311357987.8
11/17/2020 0:00,BTC/USD,16719,17815,16535,17674.87558,215838721.4
11/16/2020 0:00,BTC/USD,15965,16872,15874,16719,109045369.3
11/15/2020 0:00,BTC/USD,16058.51978,16151,15794,15965,40943195.39
11/14/2020 0:00,BTC/USD,16308.59481,16315,15715,16057,81733820.34
11/13/2020 0:00,BTC/USD,16296,16481,15974,16308.59481,125571771.4
11/12/2020 0:00,BTC/USD,15709,16325,15453,16296.18794,200431634.2
11/11/2020 0:00,BTC/USD,15311.53062,15981,15292,15709.30422,109037920.2
11/10/2020 0:00,BTC/USD,15336.88653,15474,15077,15311.53062,57294292.54
11/9/2020 0:00,BTC/USD,15501,15844,14841,15334.52195,137199675.4
11/8/2020 0:00,BTC/USD,14849,15650,14755,15500,100366880.2
11/7/2020 0:00,BTC/USD,15573,15740,14411,14845,213335034.6
11/6/2020 0:00,BTC/USD,15568,15888,15179,15572.88385,188399044.3
11/5/2020 0:00,BTC/USD,14152,15723.55678,14104.36242,15568,247498615.2
11/4/2020 0:00,BTC/USD,14029.58964,14245,13530,14149,142881352.8
11/3/2020 0:00,BTC/USD,13560,14066,13301,14029.58964,81538037.13
11/2/2020 0:00,BTC/USD,13755,13836,13207,13562,89320505.63
11/1/2020 0:00,BTC/USD,13778.27706,13892,13611,13756,42748171.59
10/31/2020 0:00,BTC/USD,13567.94597,14055,13425,13788,123450273.1
10/30/2020 0:00,BTC/USD,13450,13673,13120,13568,63217326.5
10/29/2020 0:00,BTC/USD,13266,13629,12972,13451,54804397.68
10/28/2020 0:00,BTC/USD,13626,13839,12915,13267,94380748.45
10/27/2020 0:00,BTC/USD,13059,13769,13054,13626,122307938.1
10/26/2020 0:00,BTC/USD,13036,13244,12781,13059,47992597.58
10/25/2020 0:00,BTC/USD,13127,13358,12850,13037,47343524.79
10/24/2020 0:00,BTC/USD,12930.56664,13178,12882,13127.03664,25885078.71
10/23/2020 0:00,BTC/USD,12982,13032,12738,12935,37564947.82
10/22/2020 0:00,BTC/USD,12811,13188,12710,12988,79099511.26
10/21/2020 0:00,BTC/USD,11924.12565,13220,11910,12810,197286377.7
10/20/2020 0:00,BTC/USD,11757,12044,11696,11925,64669194.18
10/19/2020 0:00,BTC/USD,11517,11828,11417,11757,44300144.61
10/18/2020 0:00,BTC/USD,11376,11520,11364.93369,11518,15225419.04
10/17/2020 0:00,BTC/USD,11324.88373,11418,11275,11375,11803763.6
10/16/2020 0:00,BTC/USD,11511.94971,11547,11212,11325,39206265.91
10/15/2020 0:00,BTC/USD,11440,11632,11277,11509,49074221.94
10/14/2020 0:00,BTC/USD,11442.72554,11564,11309,11440,30808561.51
10/13/2020 0:00,BTC/USD,11560,11574.9085,11333,11442,44683544.25
10/12/2020 0:00,BTC/USD,11384,11739.97398,11111,11560,73615763.38
10/11/2020 0:00,BTC/USD,11308,11451,11279.45651,11385,16829704.21
10/10/2020 0:00,BTC/USD,11071,11505,11071,11308,47139556.52
10/9/2020 0:00,BTC/USD,10942.90198,11133.99747,10853.11652,11071,28453223.09
10/8/2020 0:00,BTC/USD,10687.32292,10971,10541,10943,39846116.24
10/7/2020 0:00,BTC/USD,10613,10691,10563,10687,17846424.72
10/6/2020 0:00,BTC/USD,10807,10819.95911,10548,10613.70526,34167305.37
10/5/2020 0:00,BTC/USD,10687,10816,10637,10807,19274063.24
10/4/2020 0:00,BTC/USD,10558.00113,10713,10541,10687,17407571.34
10/3/2020 0:00,BTC/USD,10586,10616,10513,10558.58698,8805551.131
10/2/2020 0:00,BTC/USD,10633,10686,10391,10586,39564282.47
10/1/2020 0:00,BTC/USD,10797,10975.12636,10460,10634,60424017.61
9/30/2020 0:00,BTC/USD,10857,10866.0057,10684,10795,16240138.03
9/29/2020 0:00,BTC/USD,10713,10889,10654,10856,19464988.78
9/28/2020 0:00,BTC/USD,10804,10986,10656.20639,10714,40645321.79
9/27/2020 0:00,BTC/USD,10750.90937,10824,10594,10803,18957331.4
9/26/2020 0:00,BTC/USD,10708,10841,10675,10750,10106241.07
9/25/2020 0:00,BTC/USD,10752,10774,10580,10708,25181391.18
9/24/2020 0:00,BTC/USD,10266,10842,10222,10754,34366795.22
9/23/2020 0:00,BTC/USD,10549.62173,10555,10152,10263,31745131.83
9/22/2020 0:00,BTC/USD,10435,10597,10377,10549,25452229.97
9/21/2020 0:00,BTC/USD,10935,11000,10321,10435,62743280.54
9/20/2020 0:00,BTC/USD,11098,11098,10779,10934.54183,19889179.69
9/19/2020 0:00,BTC/USD,10957.05508,11185,10920,11098,27387980.44
9/18/2020 0:00,BTC/USD,10959,11064,10825,10957.17348,24716998.75
9/17/2020 0:00,BTC/USD,10971.45422,11069.17647,10765.93627,10959,27570904.37
9/16/2020 0:00,BTC/USD,10797.99362,11104.97666,10682,10971.25116,52648119.02
9/15/2020 0:00,BTC/USD,10689.93208,10944,10645,10797,53879291.72
9/14/2020 0:00,BTC/USD,10331,10773,10259,10690,39419487.41
9/13/2020 0:00,BTC/USD,10459,10623,10231,10331,41788746.51
9/12/2020 0:00,BTC/USD,10404.94752,10492,10287,10458,14998371.53
9/11/2020 0:00,BTC/USD,10354,10438,10197,10405,25684525.68
9/10/2020 0:00,BTC/USD,10241,10516,10233.08797,10355,36801412.97
9/9/2020 0:00,BTC/USD,10150,10359,10010,10240,24638949.35
9/8/2020 0:00,BTC/USD,10400,10464,9882.4,10148,68612032.04
9/7/2020 0:00,BTC/USD,10275.9676,10430,9913.8,10397,65521389.66
9/6/2020 0:00,BTC/USD,10197,10365.07422,10031,10276,28317193
9/5/2020 0:00,BTC/USD,10484.07052,10593,9925.5,10196.8649,86745892.71
9/4/2020 0:00,BTC/USD,10166.13513,10644,9965.7,10484.74763,142482533.5
9/3/2020 0:00,BTC/USD,11400.84146,11460.9862,9990.9,10170,158695582.5
9/2/2020 0:00,BTC/USD,11942.89424,11975,11183,11408,69242897.81
9/1/2020 0:00,BTC/USD,11671.23323,12067,11552,11942,57995446.17
8/31/2020 0:00,BTC/USD,11729.89978,11790,11600,11671,26018613.72
8/30/2020 0:00,BTC/USD,11492,11730,11480,11730,24141944.72
8/29/2020 0:00,BTC/USD,11544.62128,11606.3424,11450,11492,17415310.55
8/28/2020 0:00,BTC/USD,11343,11567,11303,11545,22883502.5
8/27/2020 0:00,BTC/USD,11472,11609,11145,11343,53619393.74
8/26/2020 0:00,BTC/USD,11341,11546,11219.88888,11471.10096,27880037.74
8/25/2020 0:00,BTC/USD,11765,11778,11137,11341.40067,68591869.03
8/24/2020 0:00,BTC/USD,11663,11847,11605,11768,23062393.13
8/23/2020 0:00,BTC/USD,11683,11736,11538,11663,22265886.94
8/22/2020 0:00,BTC/USD,11527,11703,11390,11685,39391935.87
8/21/2020 0:00,BTC/USD,11884.67771,11899,11500,11531,70179853.52
8/20/2020 0:00,BTC/USD,11778.02622,11902,11680,11884.67771,31935795.2
8/19/2020 0:00,BTC/USD,11961.83968,12025.25974,11608.59605,11778,72985515.82
8/18/2020 0:00,BTC/USD,12303,12405,11814,11961.83968,84819280.3
8/17/2020 0:00,BTC/USD,11924.02573,12490,11675,12300,118182188.8
8/16/2020 0:00,BTC/USD,11873.41825,11944,11705,11925,31814040.03
8/15/2020 0:00,BTC/USD,11762,11997,11705,11873.41825,47266057.92
8/14/2020 0:00,BTC/USD,11793.16905,11869,11650.03891,11761,54201311.15
8/13/2020 0:00,BTC/USD,11583,11822,11279,11792.46008,65189160.44
8/12/2020 0:00,BTC/USD,11379,11613.9787,11100,11583,47833227.3
8/11/2020 0:00,BTC/USD,11893,11943,11123,11379,79039183.2
8/10/2020 0:00,BTC/USD,11675.32007,12065,11450,11892,75286829.77
8/9/2020 0:00,BTC/USD,11763,11788,11530,11675.32007,18123670.49
8/8/2020 0:00,BTC/USD,11580.04081,11796,11523,11764,21598463.35
8/7/2020 0:00,BTC/USD,11759,11900,11326,11580.04081,57689582.32
8/6/2020 0:00,BTC/USD,11735.93261,11890,11557,11759,45092109.21
8/5/2020 0:00,BTC/USD,11187,11800,11085,11735.81392,64145452.13
8/4/2020 0:00,BTC/USD,11226.99217,11396,11003,11184,35826466.3
8/3/2020 0:00,BTC/USD,11058.83878,11456,10943,11226.52173,44707701.56
8/2/2020 0:00,BTC/USD,11805,12097,10548,11053.77256,139419629.4
8/1/2020 0:00,BTC/USD,11350,11843,11227,11804.74401,118720389.7
7/31/2020 0:00,BTC/USD,11122.78517,11440,10990,11350,64073303.26
7/30/2020 0:00,BTC/USD,11117.39512,11189.20868,10855.80733,11123,46148102.62
7/29/2020 0:00,BTC/USD,10931.55841,11355,10851,11117,95741565.34
7/28/2020 0:00,BTC/USD,11044.32216,11263,10590,10932,104614258.1
7/27/2020 0:00,BTC/USD,9948.4,11379,9944.9,11043.96288,214564262.2
7/26/2020 0:00,BTC/USD,9714.9,10190,9674.8,9948.4,86547565.84
7/25/2020 0:00,BTC/USD,9559.005206,9754.5,9555.5,9714.890204,24488706.07
7/24/2020 0:00,BTC/USD,9615,9644,9469.65965,9559.1,21420622.94
7/23/2020 0:00,BTC/USD,9557.7,9685.432287,9475,9615,44517406.11
7/22/2020 0:00,BTC/USD,9402.1,9642.4,9305,9557.7,38637592.71
7/21/2020 0:00,BTC/USD,9179.2,9457.2,9174.417911,9402,49530075.48
7/20/2020 0:00,BTC/USD,9231.2,9238.2,9154.5,9179.2,12837902.49
7/19/2020 0:00,BTC/USD,9189.1,9299,9111.8,9231.2,13123054.2
7/18/2020 0:00,BTC/USD,9167.33,9217.1,9120.1,9189.1,10757469.51
7/17/2020 0:00,BTC/USD,9149.6,9194,9102.1,9167.33,9460234.38
7/16/2020 0:00,BTC/USD,9210.1,9227.2,9026.6,9149.6,26170858.03
7/15/2020 0:00,BTC/USD,9263.4,9280,9179,9210.1,8283572.62
7/14/2020 0:00,BTC/USD,9252,9287.3,9107,9263.4,20217051.61
7/13/2020 0:00,BTC/USD,9315.8,9350,9220,9252,17922370.17
7/12/2020 0:00,BTC/USD,9246.3,9368.4,9175,9315.8,17297484.28
7/11/2020 0:00,BTC/USD,9304.6,9311.8,9200.1,9246.3,7518799.48
7/10/2020 0:00,BTC/USD,9248.86,9324.6,9133.1,9304.6,12921645.96
7/9/2020 0:00,BTC/USD,9447,9451.7,9175,9248.86,34480003.28
7/8/2020 0:00,BTC/USD,9267.51,9497.2,9256,9447,35873218.37
7/7/2020 0:00,BTC/USD,9361.1,9389.41,9211.1,9267.51,15142527.26
7/6/2020 0:00,BTC/USD,9084.28,9389.59,9075.8,9361.1,39456828.95
7/5/2020 0:00,BTC/USD,9147.7,9152.31,8918,9084.28,18844754.76
7/4/2020 0:00,BTC/USD,9073.2,9204,9060,9147.7,10320468.16
7/3/2020 0:00,BTC/USD,9100,9135.5,9056.7,9073.2,9893008.6
7/2/2020 0:00,BTC/USD,9239.9,9266.2,8950,9100,34521966.09
7/1/2020 0:00,BTC/USD,9150.65,9298,9109.4,9239.9,20214604.05
6/30/2020 0:00,BTC/USD,9194.43,9206.46,9077,9150.7,16783447.7
6/29/2020 0:00,BTC/USD,9125.37,9244,9018.13,9194.43,33179950.78
6/28/2020 0:00,BTC/USD,9015.3,9193.19,8946.6,9125.37,19172577.32
6/27/2020 0:00,BTC/USD,9173.1,9202.5,8855,9015.3,30427092.61
6/26/2020 0:00,BTC/USD,9257.03,9299,9054.1,9173.1,33470201.37
6/25/2020 0:00,BTC/USD,9305.2,9349,9011,9257.03,51127658.95
6/24/2020 0:00,BTC/USD,9635.2,9684.1,9212,9312.1,51954470.83
6/23/2020 0:00,BTC/USD,9697.73,9724,9589.7,9635.2,33065161.21
6/22/2020 0:00,BTC/USD,9301,9795,9285.2,9697.73,56103694.51
6/21/2020 0:00,BTC/USD,9371.3,9431.2,9292,9301,12526283.96
6/20/2020 0:00,BTC/USD,9315.5,9406.6,9178,9371.3,17378283.42
6/19/2020 0:00,BTC/USD,9400,9444.1,9237,9315.5,24444500.17
6/18/2020 0:00,BTC/USD,9473.4,9496.9,9285,9400,15578713.99
6/17/2020 0:00,BTC/USD,9534.4,9566,9260,9473.4,29627063.95
6/16/2020 0:00,BTC/USD,9434.9,9590,9388,9534.4,32736778.76
6/15/2020 0:00,BTC/USD,9344.75,9530.9,8914.9,9434.9,93394768.96
6/14/2020 0:00,BTC/USD,9480.88,9486,9262,9344.75,25277566.38
6/13/2020 0:00,BTC/USD,9468.3,9498.6,9363.6,9480.88,17397404.77
6/12/2020 0:00,BTC/USD,9272.2,9544,9246,9468.3,47520420.83
6/11/2020 0:00,BTC/USD,9901.9,9972.8,9084,9272.2,149552138
6/10/2020 0:00,BTC/USD,9898.8,9898.8,9775,9775,439
6/9/2020 0:00,BTC/USD,9784.4,9876,9577.9,9771.9,32845472.66
6/8/2020 0:00,BTC/USD,9749.8,9800,9647.1,9784.4,22879399.04
6/7/2020 0:00,BTC/USD,9668.4,9814,9393.8,9747.1,45075843.5
6/6/2020 0:00,BTC/USD,9620.4,9742.3,9552.61,9668.4,18737403.56
6/5/2020 0:00,BTC/USD,9790.7,9865.8,9620.4,9620.4,35218955.1
6/4/2020 0:00,BTC/USD,9676.6,9882.1,9461,9790.7,41441408.15
6/3/2020 0:00,BTC/USD,9526.97,9689.8,9400,9676.6,24699640.78
6/2/2020 0:00,BTC/USD,10225.98,10252,9150,9526.97,185528140.5
6/1/2020 0:00,BTC/USD,9451.1,10398,9421.76,10225.98,132763447
5/31/2020 0:00,BTC/USD,9706.4,9707.2,9402.6,9451.1,35179128.73
5/30/2020 0:00,BTC/USD,9426.1,9750,9323.3,9706.4,58713635.94
5/29/2020 0:00,BTC/USD,9589.3,9618.8,9352,9426.1,36694838.46
5/28/2020 0:00,BTC/USD,9210.2,9630.3,9118.2,9589.3,71468753.87
5/27/2020 0:00,BTC/USD,8845.5,9225,8822.2,9210.3,49561036.81
5/26/2020 0:00,BTC/USD,8902,9013.3,8704.9,8845.5,34878579.14
5/25/2020 0:00,BTC/USD,8710.1,8963.7,8620,8902,49139105.56
5/24/2020 0:00,BTC/USD,9174.6,9300,8688,8710.1,60482462.66
5/23/2020 0:00,BTC/USD,9162.4,9304,9072.8,9174.6,22574114.38
5/22/2020 0:00,BTC/USD,9057.2,9269,8935.4,9162.4,34915892.76
5/21/2020 0:00,BTC/USD,9502,9564.1,8815.3,9057.2,104052619.3
5/20/2020 0:00,BTC/USD,9769.4,9842.7,9301,9502,91547478.78
5/19/2020 0:00,BTC/USD,9714.83,9878,9457.8,9769.4,54073786.56
5/18/2020 0:00,BTC/USD,9668.2,9944,9450,9714.83,89136756.61
5/17/2020 0:00,BTC/USD,9387.95,9883.5,9329.7,9668.2,93507424.24
5/16/2020 0:00,BTC/USD,9311.2,9580,9222,9387.95,39072789.58
5/15/2020 0:00,BTC/USD,9790.95,9848.9,9130.2,9311.2,106921540.6
5/14/2020 0:00,BTC/USD,9312,9938.7,9266.2,9790.95,123569448.8
5/13/2020 0:00,BTC/USD,8811.4,9408,8799.5,9312,90554326.97
5/12/2020 0:00,BTC/USD,8555.1,8968,8526.4,8811.4,49620834.6
5/11/2020 0:00,BTC/USD,8722.2,9142,8200,8555.1,178373334
5/10/2020 0:00,BTC/USD,9537.8,9559,8101,8722.2,221932069.7
5/9/2020 0:00,BTC/USD,9792.4,9900,9463.99,9537.8,79707739.71
5/8/2020 0:00,BTC/USD,9979.6,10025,9705,9792.4,120650121.4
5/7/2020 0:00,BTC/USD,9152.47,10045,9029,9979.6,191298664.4
5/6/2020 0:00,BTC/USD,9020.1,9418,8913.57,9152.47,80364234.93
5/5/2020 0:00,BTC/USD,8865.8,9124.8,8758.6,9020.1,68962397.69
5/4/2020 0:00,BTC/USD,8899.8,8961.8,8517,8865.8,81637746.64
5/3/2020 0:00,BTC/USD,8982.3,9198,8738,8899.8,87511170.06
5/2/2020 0:00,BTC/USD,8822.8,9004.04,8756.2,8982.3,45058811.61
5/1/2020 0:00,BTC/USD,8631.82,9070,8626.5,8822.8,69921000.11
4/30/2020 0:00,BTC/USD,8778.7,9441.91,8416,8631.82,266597879.6
4/29/2020 0:00,BTC/USD,7750.6,8918,7705.1,8778.7,254050593
4/28/2020 0:00,BTC/USD,7777.6,7777.7,7655.8,7750.7,43363758.7
4/27/2020 0:00,BTC/USD,7697.9,7777.7,7613.4,7777.6,53123665.63
4/26/2020 0:00,BTC/USD,7538.5,7697.9,7473.5,7697.9,40483980.11
4/25/2020 0:00,BTC/USD,7508.3,7700,7450,7538.5,39101191.41
4/24/2020 0:00,BTC/USD,7498.9,7614,7420.1,7508.3,66238758.3
4/23/2020 0:00,BTC/USD,7133,7773.9,7042,7498.9,121429566.7
4/22/2020 0:00,BTC/USD,6849.94,7164,6826.18,7133,36331726.15
4/21/2020 0:00,BTC/USD,6839.38,6958.8,6770.1,6850,44323672.58
4/20/2020 0:00,BTC/USD,7133.3,7236.3,6766,6839.38,69794322.56
4/19/2020 0:00,BTC/USD,7268.8,7285.4,7056.9,7133.3,33927238.77
4/18/2020 0:00,BTC/USD,7045.8,7309.7,7031.1,7268.8,37450133.96
4/17/2020 0:00,BTC/USD,7114.7,7160.5,7010.2,7045.8,33145178.31
4/16/2020 0:00,BTC/USD,6633.72,7200,6500.4,7114.7,122691871
4/15/2020 0:00,BTC/USD,6872.9,6940.6,6620.5,6633.72,40646200.9
4/14/2020 0:00,BTC/USD,6848.7,6985,6762.6,6872.4,29588423.11
4/13/2020 0:00,BTC/USD,6919,6919,6571.1,6848.7,85426607.8
4/12/2020 0:00,BTC/USD,6884.5,7192.5,6797.6,6919,62395694.5
4/11/2020 0:00,BTC/USD,6875.5,6957.8,6780,6884.5,27915783.52
4/10/2020 0:00,BTC/USD,7293.7,7305.76,6756.3,6875.5,110132473.2
4/9/2020 0:00,BTC/USD,7367,7370.7,7117,7293.7,56496718.9
4/8/2020 0:00,BTC/USD,7203,7420,7151.64,7367,59805611.09
4/7/2020 0:00,BTC/USD,7340.2,7454.3,7088,7203,87837137.93
4/6/2020 0:00,BTC/USD,6780.2,7364.4,6775.1,7340.2,103954550.7
4/5/2020 0:00,BTC/USD,6880.6,6917.9,6690.2,6780.2,38395173.09
4/4/2020 0:00,BTC/USD,6741,7014,6660,6880.1,48605926.74
4/3/2020 0:00,BTC/USD,6810.7,7049.1,6623.3,6741,68047652.2
4/2/2020 0:00,BTC/USD,6675,7283.5,6580,6810.7,137953860.9
4/1/2020 0:00,BTC/USD,6427.68,6726.5,6180,6675,71673932.24
3/31/2020 0:00,BTC/USD,6407.6,6536,6349.7,6427.68,37114592.46
3/30/2020 0:00,BTC/USD,5892.7,6636,5880.9,6407.6,78070196.91
3/29/2020 0:00,BTC/USD,6249.5,6280,5892.6,5892.7,68025201.1
3/28/2020 0:00,BTC/USD,6370,6371.9,6050,6250,80412627.77
3/27/2020 0:00,BTC/USD,6751.9,6861.4,6256,6370,73089762.89
3/26/2020 0:00,BTC/USD,6688.2,6790.8,6516,6751.9,44836987.88
3/25/2020 0:00,BTC/USD,6762.09,6968,6430.2,6688.2,92081342.45
3/24/2020 0:00,BTC/USD,6490.6,6840,6406,6762.09,110523932.8
3/23/2020 0:00,BTC/USD,5820.1,6664.3,5677,6490.6,120959517
3/22/2020 0:00,BTC/USD,6201.8,6410.9,5755.5,5820.1,98592862.43
3/21/2020 0:00,BTC/USD,6206.5,6474.7,5882.4,6201.7,80062529.68
3/20/2020 0:00,BTC/USD,6173.6,6929.8,5665.02,6206.5,197504256.6
3/19/2020 0:00,BTC/USD,5416.2,6416.7,5264.6,6173.6,184847869.9
3/18/2020 0:00,BTC/USD,5339.1,5487.96,5033,5416.2,111509848.7
3/17/2020 0:00,BTC/USD,5058.5,5572.8,4956.3,5339.1,104487499.8
3/16/2020 0:00,BTC/USD,5383.2,5388.9,4467.9,5058.5,203512458.4
3/15/2020 0:00,BTC/USD,5218.2,5987,5133,5383.2,123554791.8
3/14/2020 0:00,BTC/USD,5620.9,5682.4,5095,5218.2,100175263.8
3/13/2020 0:00,BTC/USD,4873.1,5973.3,4000,5625.7,527138561.8
3/12/2020 0:00,BTC/USD,7974.4,8001.7,4607.7,4873.1,707340178.1
3/11/2020 0:00,BTC/USD,7913.8,8034.6,7634.8,7969.6,86029509.75
3/10/2020 0:00,BTC/USD,7967.3,8180,7776.6,7913.8,81263734.2
3/9/2020 0:00,BTC/USD,8074,8215,7700,7967.3,178075837.3
3/8/2020 0:00,BTC/USD,8919,8919,8043.2,8074,215631674.6
3/7/2020 0:00,BTC/USD,9180.6,9241.5,8867.4,8919,40549694.73
3/6/2020 0:00,BTC/USD,9090.8,9199.7,9011.3,9180.6,28641963.56
3/5/2020 0:00,BTC/USD,8788.6,9186.5,8788.6,9090.8,51781776.18
3/4/2020 0:00,BTC/USD,8791.1,8877.7,8718.4,8788.6,36564634.64
3/3/2020 0:00,BTC/USD,8938.4,8940,8686.2,8791.1,47007887.94
3/2/2020 0:00,BTC/USD,8556.7,8990.8,8524.63,8938.4,46886621.87
3/1/2020 0:00,BTC/USD,8561.5,8775,8460,8556.7,46260811.07
2/29/2020 0:00,BTC/USD,8728.2,8829,8557.3,8561.5,21706866.01
2/28/2020 0:00,BTC/USD,8825.6,8908.3,8455.1,8728,61300422.26
2/27/2020 0:00,BTC/USD,8813.2,8975,8555,8825.6,73646392.67
2/26/2020 0:00,BTC/USD,9327.5,9385.9,8652.7,8813.2,131034444.2
2/25/2020 0:00,BTC/USD,9674.1,9691.9,9251.4,9327.5,80074231.38
2/24/2020 0:00,BTC/USD,9985,10022,9441.2,9674.1,64033935.75
2/23/2020 0:00,BTC/USD,9663,10001,9660,9985,72474151.24
2/22/2020 0:00,BTC/USD,9692.9,9719,9565.1,9663,17799307.14
2/21/2020 0:00,BTC/USD,9608.1,9760.3,9566.8,9692.9,107474071.3
2/20/2020 0:00,BTC/USD,9592.4,9699.9,9359.7,9608.1,62162837.38
2/19/2020 0:00,BTC/USD,10184,10310,9290,9592.4,136859180.6
2/18/2020 0:00,BTC/USD,9708,10275,9625.8,10184,82121018.57
2/17/2020 0:00,BTC/USD,9926.8,9969.2,9501.5,9708,90017090.61
2/16/2020 0:00,BTC/USD,9900.9,10037,9651.3,9926.8,68270847.74
2/15/2020 0:00,BTC/USD,10335,10373,9800,9900.9,64099074.36
2/14/2020 0:00,BTC/USD,10222,10373,10101,10335.05,42316870.42
2/13/2020 0:00,BTC/USD,10338,10491,10058,10222,92221604.02
2/12/2020 0:00,BTC/USD,10247,10460,10238,10338,89988385.71
2/11/2020 0:00,BTC/USD,9851.2,10316,9720,10247,85197401.81
2/10/2020 0:00,BTC/USD,10151,10187,9701,9851.2,84381817.07
2/9/2020 0:00,BTC/USD,9877.2,10165,9871.1,10151,96911069.39
2/8/2020 0:00,BTC/USD,9805.2,9920.8,9657.8,9877.2,54312601.98
2/7/2020 0:00,BTC/USD,9744.9,9860,9683.9,9805.2,36187557.62
2/6/2020 0:00,BTC/USD,9612,9860,9547,9744.9,83312391.96
2/5/2020 0:00,BTC/USD,9197.4,9731.9,9180.2,9612,102776055
2/4/2020 0:00,BTC/USD,9309.3,9359.8,9112.5,9197.4,37519626.25
2/3/2020 0:00,BTC/USD,9353,9628.6,9247,9309.3,63152069.08
2/2/2020 0:00,BTC/USD,9408,9501.3,9165,9353,60475216.82
2/1/2020 0:00,BTC/USD,9367.4,9476.4,9318,9408,23839500.26
1/31/2020 0:00,BTC/USD,9512.71,9519.9,9220.3,9367.4,45592354.1
1/30/2020 0:00,BTC/USD,9301.56,9550,9122.8,9512.71,84959333.76
1/29/2020 0:00,BTC/USD,9397,9442.3,9242.2,9301.56,43061746.54
1/28/2020 0:00,BTC/USD,8912,9414,8911.1,9397,83117277.09
1/27/2020 0:00,BTC/USD,8621.5,9001.86,8585,8912,55252114.12
1/26/2020 0:00,BTC/USD,8353.7,8631.6,8301,8621.5,29842126.14
1/25/2020 0:00,BTC/USD,8447.13,8447.2,8280,8353.7,17540731.4
1/24/2020 0:00,BTC/USD,8403.57,8523,8246,8447.13,29465412.81
1/23/2020 0:00,BTC/USD,8663.9,8670.4,8296,8403.57,48177646.53
1/22/2020 0:00,BTC/USD,8734.1,8799.9,8580.5,8663.9,20422153.03
1/21/2020 0:00,BTC/USD,8638.2,8787.17,8500,8734.1,28115565.18
1/20/2020 0:00,BTC/USD,8698.7,8741.1,8519.6,8638.2,35462879.64
1/19/2020 0:00,BTC/USD,8891.6,9169.5,8450,8698.7,109108758.1
1/18/2020 0:00,BTC/USD,8875.4,8965,8791.12,8891.6,30766362.59
1/17/2020 0:00,BTC/USD,8720.6,9000,8674.2,8875.4,85935548.7
1/16/2020 0:00,BTC/USD,8807.7,8839.9,8579.8,8720.6,46071195.53
1/15/2020 0:00,BTC/USD,8775,8873,8560.1,8807.7,76709277.03
1/14/2020 0:00,BTC/USD,8095.8,8829,8095.8,8775,142180337.8
1/13/2020 0:00,BTC/USD,8174.7,8199.7,8053.6,8095.8,21018045.85
1/12/2020 0:00,BTC/USD,8013.63,8174.7,7951.7,8174.7,25988431.58
1/11/2020 0:00,BTC/USD,8183,8282.4,7991.8,8013.7,34520377.58
1/10/2020 0:00,BTC/USD,7817.45,8185.9,7675.8,8183,62465691.66
1/9/2020 0:00,BTC/USD,8036.8,8036.8,7756,7817.45,36842360.15
1/8/2020 0:00,BTC/USD,8154.1,8442,7877.6,8036.8,96131138.38
1/7/2020 0:00,BTC/USD,7757.9,8210.3,7741.9,8154.1,98096735.63
1/6/2020 0:00,BTC/USD,7364.6,7785,7358,7757.9,64874323.8
1/5/2020 0:00,BTC/USD,7370.3,7509.9,7315.8,7364.6,33105719.3
1/4/2020 0:00,BTC/USD,7370.4,7422,7297.3,7369.83,31385540.36
1/3/2020 0:00,BTC/USD,6989.4,7444.9,6909.3,7370.4,48359196.72
1/2/2020 0:00,BTC/USD,7212.7,7225.8,6963,6989.4,34321807.28
1/1/2020 0:00,BTC/USD,7208.3,7285.1,7185.4,7212.7,14993026.32
12/31/2019 0:00,BTC/USD,7260.9,7333,7161.3,7208.3,21652483.87
12/30/2019 0:00,BTC/USD,7413.6,7421.7,7201.29,7260.9,29849437.96
12/29/2019 0:00,BTC/USD,7334.4,7551.6,7311.6,7413.6,18529411.43
12/28/2019 0:00,BTC/USD,7287,7390,7279.2,7334.4,20049188.45
12/27/2019 0:00,BTC/USD,7232.4,7300,7113.3,7287,28861348.89
12/26/2019 0:00,BTC/USD,7220.1,7465,7181.8,7232.4,34397208.4
12/25/2019 0:00,BTC/USD,7276.9,7294.2,7113.2,7220.1,24299327.83
12/24/2019 0:00,BTC/USD,7347.4,7445,7182.1,7276.9,31076890.05
12/23/2019 0:00,BTC/USD,7535.1,7715.1,7282.4,7347.4,53247456.97
12/22/2019 0:00,BTC/USD,7166.4,7541.4,7159.6,7535.1,26583211.42
12/21/2019 0:00,BTC/USD,7212.93,7215.1,7136.5,7166.4,16376308.56
12/20/2019 0:00,BTC/USD,7181.8,7249,7116.8,7212.93,40900453.34
12/19/2019 0:00,BTC/USD,7326.2,7417.1,7079.7,7181.8,39076315.01
12/18/2019 0:00,BTC/USD,6667.1,7482.2,6477,7326.2,95095050.68
12/17/2019 0:00,BTC/USD,6926.6,6972,6620,6667.1,85657811.5
12/16/2019 0:00,BTC/USD,7152.7,7196,6900,6926.6,94801451.18
12/15/2019 0:00,BTC/USD,7100.8,7224.8,7043.9,7152.7,25412542.64
12/14/2019 0:00,BTC/USD,7283.2,7290.5,7032.6,7100.8,24385078.34
12/13/2019 0:00,BTC/USD,7224.1,7332,7218.7,7283.2,21077258.44
12/12/2019 0:00,BTC/USD,7230.72,7369.02,7132.8,7224,40661585.02
12/11/2019 0:00,BTC/USD,7254.6,7312,7169,7230.72,22619306.19
12/10/2019 0:00,BTC/USD,7379.52,7434.6,7200,7254.6,26613221.79
12/9/2019 0:00,BTC/USD,7564.6,7748.7,7306.2,7379.52,49302465.74
12/8/2019 0:00,BTC/USD,7543.2,7620,7433.6,7564.6,32448667.09
12/7/2019 0:00,BTC/USD,7588.3,7669.8,7516.7,7543.2,13065996.01
12/6/2019 0:00,BTC/USD,7440,7661.8,7350,7588.3,42760183.81
12/5/2019 0:00,BTC/USD,7238.3,7530.9,7191,7440,35249966.38
12/4/2019 0:00,BTC/USD,7336.02,7890,7129,7238.3,86829939.47
12/3/2019 0:00,BTC/USD,7350.26,7454.6,7287,7336.02,16905008.29
12/2/2019 0:00,BTC/USD,7450.1,7467.3,7206.4,7350.26,33912475.77
12/1/2019 0:00,BTC/USD,7599.88,7600.1,7288.6,7450.1,46818362.64
11/30/2019 0:00,BTC/USD,7796.6,7861.6,7492,7599.88,38097415.98
11/29/2019 0:00,BTC/USD,7460.7,7933.4,7450,7796.6,55864935.1
11/28/2019 0:00,BTC/USD,7549.3,7690,7415,7460.8,32491504.65
11/27/2019 0:00,BTC/USD,7198.3,7689,6878.2,7549.3,101436340.2
11/26/2019 0:00,BTC/USD,7162.8,7386.3,7047.2,7198.3,37308190.97
11/25/2019 0:00,BTC/USD,6965.3,7414.4,6618,7162.8,129228369.6
11/24/2019 0:00,BTC/USD,7352.6,7372,6922,6965.3,61081191.71
11/23/2019 0:00,BTC/USD,7317.2,7385,7141,7352.6,33578378.33
11/22/2019 0:00,BTC/USD,7671.1,7766,6819.2,7317.2,140137396.7
11/21/2019 0:00,BTC/USD,8126.4,8155.9,7500,7672.5,76908169.46
11/20/2019 0:00,BTC/USD,8164.9,8257.8,8081,8126.4,16784844.6
11/19/2019 0:00,BTC/USD,8219.5,8245.53,8051.7,8164.9,30176997.44
11/18/2019 0:00,BTC/USD,8537.3,8537.3,8117,8219.5,53104060.05
11/17/2019 0:00,BTC/USD,8523.5,8699.5,8404.4,8537.3,24305104.91
11/16/2019 0:00,BTC/USD,8495.83,8577,8440.1,8523.5,13052213.87
11/15/2019 0:00,BTC/USD,8655.4,8800,8420.1,8495.83,44391897.86
11/14/2019 0:00,BTC/USD,8801.1,8817.4,8600,8655.7,28654469.46
11/13/2019 0:00,BTC/USD,8830,8849.9,8730.3,8801.1,11776613.59
11/12/2019 0:00,BTC/USD,8737.72,8910,8602,8830,30664848.17
11/11/2019 0:00,BTC/USD,9069.7,9108.5,8616.5,8737.72,37331291.41
11/10/2019 0:00,BTC/USD,8828.05,9250,8764,9069.7,41699156.7
11/9/2019 0:00,BTC/USD,8782.3,8896,8734.8,8828.05,17264383.9
11/8/2019 0:00,BTC/USD,9212.56,9252.9,8681,8782.3,69957120.36
11/7/2019 0:00,BTC/USD,9352.8,9387.1,9051.6,9209.2,34501453.62
11/6/2019 0:00,BTC/USD,9339.7,9475,9278,9352.8,32510527.59
11/5/2019 0:00,BTC/USD,9440,9504.1,9185.1,9339.7,31876098.07
11/4/2019 0:00,BTC/USD,9222.4,9645,9152,9440,70257907.98
11/3/2019 0:00,BTC/USD,9332.1,9400.6,9100,9222.4,33318630.1
11/2/2019 0:00,BTC/USD,9289,9429.5,9251.5,9332.1,34131340.84
11/1/2019 0:00,BTC/USD,9186.6,9333,9085.56,9289,37734042.41
10/31/2019 0:00,BTC/USD,9184.3,9467.1,8982.1,9185.6,52162919.81
10/30/2019 0:00,BTC/USD,9445.5,9446.9,9035,9184.3,46416723.49
10/29/2019 0:00,BTC/USD,9225.7,9559.8,9100,9445.5,62984466.68
10/28/2019 0:00,BTC/USD,9571.7,9948.9,9216.8,9225.7,85718049.78
10/27/2019 0:00,BTC/USD,9270.9,9823.86,9121.2,9571.7,105759041.1
10/26/2019 0:00,BTC/USD,8679.1,10480,8661.85,9270.9,302542798.8
10/25/2019 0:00,BTC/USD,7453,8803.1,7426,8679.1,141204255.1
10/24/2019 0:00,BTC/USD,7493.7,7529,7367.9,7453,43328562.42
10/23/2019 0:00,BTC/USD,8058.8,8074.5,7333.4,7493.7,99470281.12
10/22/2019 0:00,BTC/USD,8243.8,8333,8034.9,8058.8,31574286.93
10/21/2019 0:00,BTC/USD,8260.7,8371.3,8181.8,8243.8,28229438.5
10/20/2019 0:00,BTC/USD,7992.9,8337,7921.6,8260.7,39589830.08
10/19/2019 0:00,BTC/USD,7987.3,8119.5,7927,7992.9,28124349.49
10/18/2019 0:00,BTC/USD,8092.3,8135.11,7860,7987.3,42207934.67
10/17/2019 0:00,BTC/USD,8016,8150.53,7949.3,8092.3,22650778.74
10/16/2019 0:00,BTC/USD,8191.1,8204.3,7960,8016,57129477.97
10/15/2019 0:00,BTC/USD,8369.96,8439.7,8100,8191.1,26906522.27
10/14/2019 0:00,BTC/USD,8304.9,8428.2,8227.3,8369.96,21118580.4
10/13/2019 0:00,BTC/USD,8319.6,8477.97,8160.4,8304.9,33731109.77
10/12/2019 0:00,BTC/USD,8278.2,8423.7,8270.5,8319.6,14253650.56
10/11/2019 0:00,BTC/USD,8596,8815.3,8253,8278.2,51418368.58
10/10/2019 0:00,BTC/USD,8607.5,8683.9,8472,8596,37021789.83
10/9/2019 0:00,BTC/USD,8205,8719.2,8146.56,8607.5,71132453.44
10/8/2019 0:00,BTC/USD,8227,8362,8132.7,8205,28554980.24
10/7/2019 0:00,BTC/USD,7882.9,8366.1,7793.2,8227,66182672.83
10/6/2019 0:00,BTC/USD,8162.5,8183.24,7806.7,7882.9,46641948.11
10/5/2019 0:00,BTC/USD,8170,8210.8,8040,8162.5,27021471.49
10/4/2019 0:00,BTC/USD,8258,8264.9,8032.7,8170,24946287.9
10/3/2019 0:00,BTC/USD,8414.88,8440,8084.1,8258,30623737.96
10/2/2019 0:00,BTC/USD,8334.9,8420,8193,8414.88,28570950.97
10/1/2019 0:00,BTC/USD,8331.14,8539.3,8228,8334.9,49049132.41
9/30/2019 0:00,BTC/USD,8090,8385,7733.3,8331.14,87839295.32
9/29/2019 0:00,BTC/USD,8238.2,8260.2,7930,8090,49454030.63
9/28/2019 0:00,BTC/USD,8213.4,8390,8032.1,8238.2,44602497.95
9/27/2019 0:00,BTC/USD,8105.9,8309.8,7906.3,8213.4,60208646.12
9/26/2019 0:00,BTC/USD,8475.3,8493.07,7796.6,8105.9,125180468.7
9/25/2019 0:00,BTC/USD,8538.7,8773.6,8262,8475.3,108207657.4
9/24/2019 0:00,BTC/USD,9702.6,9795,8100,8538.7,307985234
9/23/2019 0:00,BTC/USD,10055,10077,9610.3,9702.6,53969510.57
9/22/2019 0:00,BTC/USD,10013,10105,9880.7,10055,27523592.55
9/21/2019 0:00,BTC/USD,10197,10199,9942.9,10013,29943816.81
9/20/2019 0:00,BTC/USD,10301,10340,10104,10197,25660191.4
9/19/2019 0:00,BTC/USD,10185,10487,9655,10301,97965321.95
9/18/2019 0:00,BTC/USD,10214.86,10278,10111,10185,34080717.87
9/17/2019 0:00,BTC/USD,10290,10308,10163,10214.86,30156486.97
9/16/2019 0:00,BTC/USD,10321.42,10404,10091,10290,56380470.07
9/15/2019 0:00,BTC/USD,10380,10403,10275,10321.42,19486372.51
9/14/2019 0:00,BTC/USD,10374,10488,10255,10380,32801466.46
9/13/2019 0:00,BTC/USD,10452,10475,10155,10374,46417698.48
9/12/2019 0:00,BTC/USD,10175,10488,10064,10452,45313964.9
9/11/2019 0:00,BTC/USD,10121,10300,9814,10175,43782091.22
9/10/2019 0:00,BTC/USD,10317,10399,9959,10121,42722054.03
9/9/2019 0:00,BTC/USD,10415,10557,10118,10317,53586138.35
9/8/2019 0:00,BTC/USD,10489,10599,10241.91,10415,36530778.68
9/7/2019 0:00,BTC/USD,10305,10582,10305,10489,35295931.83
9/6/2019 0:00,BTC/USD,10582.93,10933,10208,10305,119675518.9
9/5/2019 0:00,BTC/USD,10590,10663,10481.64,10582.93,31835471.34
9/4/2019 0:00,BTC/USD,10641,10849,10410,10590,65969969.9
9/3/2019 0:00,BTC/USD,10388,10766,10291,10641,113482416.2
9/2/2019 0:00,BTC/USD,9779.1,10474,9754.57,10388,112026827.2
9/1/2019 0:00,BTC/USD,9623.9,9868,9555,9779.1,27860593.51
8/31/2019 0:00,BTC/USD,9601,9715,9471.9,9623.9,26412208.68
8/30/2019 0:00,BTC/USD,9509.4,9725,9380.4,9601,35930363.43
8/29/2019 0:00,BTC/USD,9727.4,9729.7,9358.2,9509.4,67458584.74
8/28/2019 0:00,BTC/USD,10184,10370,9570,9727.4,103053772.5
8/27/2019 0:00,BTC/USD,10377,10395,10021,10184,45885834.81
8/26/2019 0:00,BTC/USD,10132,10675,10132,10377,93364331.4
8/25/2019 0:00,BTC/USD,10154,10350,9805.8,10132,52473792.44
8/24/2019 0:00,BTC/USD,10407.47,10427,9893.8,10154,54613228.53
8/23/2019 0:00,BTC/USD,10117,10466,10047,10407.47,65871016.94
8/22/2019 0:00,BTC/USD,10146.95,10255,9787,10117,65570509.27
8/21/2019 0:00,BTC/USD,10792.14,10825,9824,10146.95,119810637.9
8/20/2019 0:00,BTC/USD,10938,10993,10584,10792.14,62698017.44
8/19/2019 0:00,BTC/USD,10332.19,10964,10280,10938,78812006.23
8/18/2019 0:00,BTC/USD,10228,10533,10086,10332.19,40412561.56
8/17/2019 0:00,BTC/USD,10369,10494.7,10004,10228,50071932.98
8/16/2019 0:00,BTC/USD,10324.27,10568,9777,10369,131212394.7
8/15/2019 0:00,BTC/USD,10064.56,10471,9522,10324.27,173592397.5
8/14/2019 0:00,BTC/USD,10904.01,10909,9966,10064.56,151138124.2
8/13/2019 0:00,BTC/USD,11404,11468,10800,10904.01,99766249.08
8/12/2019 0:00,BTC/USD,11565.36,11585,11260,11404,36535469.72
8/11/2019 0:00,BTC/USD,11311.4,11615,11129,11565.36,62613477.97
8/10/2019 0:00,BTC/USD,11891,12011,11208,11311.4,103844660.1
8/9/2019 0:00,BTC/USD,12050,12097,11703,11891,92618299.64
8/8/2019 0:00,BTC/USD,11999,12130,11550,12050,130505813
8/7/2019 0:00,BTC/USD,11472,12153,11385,11999,161208999.3
8/6/2019 0:00,BTC/USD,11824,12325,11249,11472,228029593.9
8/5/2019 0:00,BTC/USD,10973,11939,10973,11824,187498288.4
8/4/2019 0:00,BTC/USD,10822,11060,10514,10973,100471241
8/3/2019 0:00,BTC/USD,10520,10917,10506,10822,79989850.31
8/2/2019 0:00,BTC/USD,10400,10659,10331,10520,88535450.81
8/1/2019 0:00,BTC/USD,10088,10500,9875,10400,78461388.47
7/31/2019 0:00,BTC/USD,9589,10120,9575.49,10088,78698614.89
7/30/2019 0:00,BTC/USD,9507,9747.77,9380,9589,49660617.92
7/29/2019 0:00,BTC/USD,9519,9738.3,9376.7,9507,54373366.7
7/28/2019 0:00,BTC/USD,9469,9628,9101.4,9519,72831762.35
7/27/2019 0:00,BTC/USD,9840.3,10199,9296,9469,113316068.7
7/26/2019 0:00,BTC/USD,9890.2,9899,9650.2,9840.3,50005736
7/25/2019 0:00,BTC/USD,9768.97,10188,9733.3,9890.2,92225361.66
7/24/2019 0:00,BTC/USD,9859,9922.55,9534.05,9768.97,111391750.9
7/23/2019 0:00,BTC/USD,10328,10330.88,9820,9859,97861761.48
7/22/2019 0:00,BTC/USD,10569.43,10690,10052,10328,113040839
7/21/2019 0:00,BTC/USD,10740,10812,10298,10569.43,86752835.04
7/20/2019 0:00,BTC/USD,10518,11098,10370,10740,130052374.2
7/19/2019 0:00,BTC/USD,10622,10760,10118,10518,137223069.6
7/18/2019 0:00,BTC/USD,9682.6,10752,9260.6,10622,289145615.3
7/17/2019 0:00,BTC/USD,9421,9975,9084.7,9682.6,220864914.2
7/16/2019 0:00,BTC/USD,10820.88,11011,9352,9421,261093926.2
7/15/2019 0:00,BTC/USD,10204,11058,9880,10820.88,219582406.3
7/14/2019 0:00,BTC/USD,11312,11400,10122,10204,239150120.3
7/13/2019 0:00,BTC/USD,11765,11803,10805,11312,165489860.6
7/12/2019 0:00,BTC/USD,11340,11900,11099,11765,141591539.4
7/11/2019 0:00,BTC/USD,12093,12093.2,10970,11340,245621458.6
7/10/2019 0:00,BTC/USD,12558,13174,11529,12093,449543216.3
7/9/2019 0:00,BTC/USD,12301,12814.65,12102,12558,239135894.4
7/8/2019 0:00,BTC/USD,11485,12383,11310,12301,212539958.4
7/7/2019 0:00,BTC/USD,11281,11620,11110,11485,95523239.34
7/6/2019 0:00,BTC/USD,11003,11720,10961,11281,139247561.6
7/5/2019 0:00,BTC/USD,11166,11452,10776,11003,182183753.9
7/4/2019 0:00,BTC/USD,11982,12065,11055,11166,231381539.9
7/3/2019 0:00,BTC/USD,10885,12025,10876,11982,319028449.6
7/2/2019 0:00,BTC/USD,10640,10965,9728.2,10885,296703726.2
7/1/2019 0:00,BTC/USD,10805,11231,10088,10640,264785513.7
6/30/2019 0:00,BTC/USD,11920,12234,10668,10805,217071428.5
6/29/2019 0:00,BTC/USD,12338,12338,11354,11920,241655634.9
6/28/2019 0:00,BTC/USD,11198.92,12417,10799,12338,372918699.7
6/27/2019 0:00,BTC/USD,12876,13242,10388,11198.92,551287259.1
6/26/2019 0:00,BTC/USD,11737,13764,11684.45,12876,701635264.6
6/25/2019 0:00,BTC/USD,11069,11780,10802,11737,248078686.9
6/24/2019 0:00,BTC/USD,10913,11136,10560,11069,156623140.4
6/23/2019 0:00,BTC/USD,10744,11369,10572,10913,203391528.4
6/22/2019 0:00,BTC/USD,10213.04,11232,10080,10744,394221987.6
6/21/2019 0:00,BTC/USD,9557.1,10250,9557.1,10213.04,219786452.6
6/20/2019 0:00,BTC/USD,9305.9,9624,9241,9557.1,99900015.44
6/19/2019 0:00,BTC/USD,9095,9340,9062,9305.9,52917798.01
6/18/2019 0:00,BTC/USD,9354.3,9376.8,8945,9095,96870272.08
6/17/2019 0:00,BTC/USD,8985.9,9490,8985.9,9354.3,131479718.8
6/16/2019 0:00,BTC/USD,8856,9395.5,8801,8985.9,190730864.7
6/15/2019 0:00,BTC/USD,8689.1,8930,8607.2,8856,82347802.04
6/14/2019 0:00,BTC/USD,8227.4,8719.9,8161.7,8689.1,106822743
6/13/2019 0:00,BTC/USD,8174,8333,8026,8227.4,72828749.44
6/12/2019 0:00,BTC/USD,7905.5,8250,7821,8174,73796297.38
6/11/2019 0:00,BTC/USD,8018.8,8049,7711,7905.5,51379858
6/10/2019 0:00,BTC/USD,7633.3,8048.1,7513.2,8018.8,69987634.46
6/9/2019 0:00,BTC/USD,7924,7963.3,7497.9,7633.3,52687179.63
6/8/2019 0:00,BTC/USD,7999.4,8068,7800.1,7924,37718624.93
6/7/2019 0:00,BTC/USD,7824.7,8150,7762.9,7999.4,107413778.8
6/6/2019 0:00,BTC/USD,7789.3,7873.5,7455,7824.7,58160225.16
6/5/2019 0:00,BTC/USD,7692.9,7936.5,7593.9,7789.3,84196913.14
6/4/2019 0:00,BTC/USD,8099.2,8099.2,7501.53,7692.9,220333671.3
6/3/2019 0:00,BTC/USD,8740.1,8740.1,8032,8099.2,156710105.2
6/2/2019 0:00,BTC/USD,8547,8825,8540,8740.1,54274886.92
6/1/2019 0:00,BTC/USD,8532.67,8625.7,8451,8547,46595695.69
5/31/2019 0:00,BTC/USD,8270,8550,8099.9,8532.67,91049145.46
5/30/2019 0:00,BTC/USD,8678.1,9109,8005,8270,173844935.3
5/29/2019 0:00,BTC/USD,8738.1,8796.5,8455,8678.1,89059112.14
5/28/2019 0:00,BTC/USD,8806.1,8846.9,8517.4,8738.1,97103092.62
5/27/2019 0:00,BTC/USD,8729.87,8958.3,8650,8806.1,154753594.3
5/26/2019 0:00,BTC/USD,8055,8828,7877.94,8729.87,169158770.1
5/25/2019 0:00,BTC/USD,7990.1,8135.2,7950,8055,34859329.75
5/24/2019 0:00,BTC/USD,7871.9,8158.6,7784.5,7990.1,87524453.1
5/23/2019 0:00,BTC/USD,7620,7957.3,7436.4,7871.9,81229569.31
5/22/2019 0:00,BTC/USD,7931.71,8039.9,7500,7620,84343649
5/21/2019 0:00,BTC/USD,7990.6,8094,7814.8,7931.71,61144942.56
5/20/2019 0:00,BTC/USD,8188.3,8188.3,7600.1,7990.6,133410816.9
5/19/2019 0:00,BTC/USD,7260.1,8269.2,7249.35,8188.3,185473735.7
5/18/2019 0:00,BTC/USD,7417.9,7518,7207.6,7260.1,68392887.07
5/17/2019 0:00,BTC/USD,7859.7,7910,6999.91,7417.9,211750450
5/16/2019 0:00,BTC/USD,8136.63,8352.3,7700.1,7859.7,178198654.4
5/15/2019 0:00,BTC/USD,7951.9,8209,7832.45,8136.63,152983626.9
5/14/2019 0:00,BTC/USD,7770.7,8194.1,7651,7951.9,233523518.4
5/13/2019 0:00,BTC/USD,6983.4,8050,6879.96,7770.7,277159441.7
5/12/2019 0:00,BTC/USD,7125.1,7448,6858,6983.4,228503999.1
5/11/2019 0:00,BTC/USD,6438.7,7279,6438.7,7125.1,260928315.3
5/10/2019 0:00,BTC/USD,6262,6522.2,6212.2,6438.7,92226145.06
5/9/2019 0:00,BTC/USD,6201.5,6344,6153.46,6262,60527224.43
5/8/2019 0:00,BTC/USD,6100,6230,6007.8,6201.5,50233921.16
5/7/2019 0:00,BTC/USD,6027.9,6325,6027.9,6100,74461206.68
5/6/2019 0:00,BTC/USD,6041.4,6102,5901,6027.9,38909594.69
5/5/2019 0:00,BTC/USD,6098.1,6112.3,5956,6041.4,35116498.92
5/4/2019 0:00,BTC/USD,6017,6189.99,5863.4,6098.1,57065572
5/3/2019 0:00,BTC/USD,5723.8,6150,5702.3,6017,116361197.6
5/2/2019 0:00,BTC/USD,5629.5,5784.3,5611.1,5723.8,63062685.07
5/1/2019 0:00,BTC/USD,5599.52,5655,5577.5,5629.5,31101036.33
4/30/2019 0:00,BTC/USD,5480.1,5612,5451.5,5599.52,41235495.18
4/29/2019 0:00,BTC/USD,5486.8,5518,5365,5480.1,42617267.76
4/28/2019 0:00,BTC/USD,5401.9,5545.7,5401.7,5486.8,42622631.82
4/27/2019 0:00,BTC/USD,5410.9,5458,5351,5401.9,24659667.68
4/26/2019 0:00,BTC/USD,5215.6,5525,5172.7,5410.9,115560489.8
4/25/2019 0:00,BTC/USD,5479.6,5558,5055,5215.6,114181412.3
4/24/2019 0:00,BTC/USD,5546.1,5690,5407.1,5479.6,91612303.53
4/23/2019 0:00,BTC/USD,5417.8,5647.4,5387.5,5546.1,104320308.2
4/22/2019 0:00,BTC/USD,5321.9,5459.5,5276.5,5417.8,64047939.62
4/21/2019 0:00,BTC/USD,5340.04,5368,5255,5321.9,32617496.16
4/20/2019 0:00,BTC/USD,5314.1,5404.85,5283.9,5340.04,34646386.69
4/19/2019 0:00,BTC/USD,5310.86,5376,5220,5314.1,33384338.93
4/18/2019 0:00,BTC/USD,5254.5,5340,5251,5310.86,47833314.37
4/17/2019 0:00,BTC/USD,5234.4,5300,5206.8,5254.5,48795493.23
4/16/2019 0:00,BTC/USD,5042.79,5256.7,5029.6,5234.4,43200183.09
4/15/2019 0:00,BTC/USD,5194.4,5218.6,4977,5042.79,48533007.73
4/14/2019 0:00,BTC/USD,5103.74,5211.9,5054.8,5194.4,21278989
4/13/2019 0:00,BTC/USD,5114,5163,5070.2,5103.74,26577794.17
4/12/2019 0:00,BTC/USD,5059,5134.9,4934.7,5114,46667815.13
4/11/2019 0:00,BTC/USD,5310.1,5342.1,4952.4,5059,99488302.96
4/10/2019 0:00,BTC/USD,5216.3,5488,5193.5,5310.1,84138707.68
4/9/2019 0:00,BTC/USD,5312.4,5312.4,5170,5216.3,62234999.76
4/8/2019 0:00,BTC/USD,5238,5373.9,5138.6,5312.4,93933369.86
4/7/2019 0:00,BTC/USD,5091.1,5321.6,5075,5238,51582045.79
4/6/2019 0:00,BTC/USD,5083,5280,4960.2,5091.1,72871075.59
4/5/2019 0:00,BTC/USD,4938.9,5132.5,4929.5,5083,57424948.02
4/4/2019 0:00,BTC/USD,4978,5100,4834,4938.9,76711330.98
4/3/2019 0:00,BTC/USD,4922.1,5335.5,4842.2,4978,224731511.3
4/2/2019 0:00,BTC/USD,4196.8,5106.91,4187.4,4922.1,258210603
4/1/2019 0:00,BTC/USD,4167.5,4224.6,4124,4196.8,29358608.28
3/31/2019 0:00,BTC/USD,4165.1,4182.9,4152.8,4167.5,9454455.69
3/30/2019 0:00,BTC/USD,4179,4210,4112,4165.1,27622306.41
3/29/2019 0:00,BTC/USD,4092.57,4197.2,4082.3,4179,35893810.99
3/28/2019 0:00,BTC/USD,4102.5,4114.4,4064,4092.57,25399212.3
3/27/2019 0:00,BTC/USD,3992.7,4109.9,3979.3,4102.5,32244178.16
3/26/2019 0:00,BTC/USD,3970,3996,3943.8,3992.7,20210992.9
3/25/2019 0:00,BTC/USD,4041.4,4049.9,3939,3970,26861164.52
3/24/2019 0:00,BTC/USD,4063.2,4063.2,4011,4041.4,13586695.95
3/23/2019 0:00,BTC/USD,4045.2,4084,4028.4,4063.2,17714585.85
3/22/2019 0:00,BTC/USD,4044.8,4070.6,4034.9,4045.2,19582343.14
3/21/2019 0:00,BTC/USD,4127.16,4146.9,4004,4044.8,48162731.29
3/20/2019 0:00,BTC/USD,4104.58,4136.5,4072.7,4127.16,32067395.84
3/19/2019 0:00,BTC/USD,4073.7,4120,4055.15,4104.58,22690489.17
3/18/2019 0:00,BTC/USD,4068.9,4120,4034.02,4073.7,15030541.35
3/17/2019 0:00,BTC/USD,4088.04,4089.8,4041.1,4068.9,13824581.07
3/16/2019 0:00,BTC/USD,4003.2,4166.8,4003.1,4088.04,57119435.41
3/15/2019 0:00,BTC/USD,3948.3,4011,3948.3,4003.2,26848370.71
3/14/2019 0:00,BTC/USD,3946.2,4004,3869.3,3948.3,32992939.87
3/13/2019 0:00,BTC/USD,3954.1,3972.6,3925.1,3946.2,22062813.11
3/12/2019 0:00,BTC/USD,3949.1,3979.5,3895.2,3954.1,30126525.94
3/11/2019 0:00,BTC/USD,4000,4009.2,3920.1,3949.1,26229757.48
3/10/2019 0:00,BTC/USD,4017.33,4017.33,3959.45,4000,18656419.83
3/9/2019 0:00,BTC/USD,3940.5,4046.2,3933.9,4017.33,29538020.14
3/8/2019 0:00,BTC/USD,3964.4,4021,3850,3940.5,37080052.43
3/7/2019 0:00,BTC/USD,3951.4,3997.4,3933.33,3964.4,30480539.01
3/6/2019 0:00,BTC/USD,3951.6,3986.5,3910.9,3951.4,26188332.62
3/5/2019 0:00,BTC/USD,3800.3,3968.7,3786.1,3951.6,42246468.34
3/4/2019 0:00,BTC/USD,3885,3911.1,3767,3800.3,38984445.11
3/3/2019 0:00,BTC/USD,3913,3925,3855,3885,11260382.81
3/2/2019 0:00,BTC/USD,3914,3924,3838.89,3913,19958218.5
3/1/2019 0:00,BTC/USD,3894,3949,3893,3914,18822723.65
2/28/2019 0:00,BTC/USD,3900.1,3988,3875,3894,47667705.4
2/27/2019 0:00,BTC/USD,3897,3934,3761.2,3900.1,46788490.98
2/26/2019 0:00,BTC/USD,3921.8,3934.1,3862.8,3897,20038565.58
2/25/2019 0:00,BTC/USD,3831.3,3966.5,3830,3921.8,40927291.63
2/24/2019 0:00,BTC/USD,4212.2,4282.4,3812,3831.3,145325969.5
2/23/2019 0:00,BTC/USD,4058.3,4255,4013.8,4212.2,88467365.19
2/22/2019 0:00,BTC/USD,4008.8,4074,3987.5,4058.3,57444800.35
2/21/2019 0:00,BTC/USD,4055,4145,3918.5,4008.8,62552946.86
2/20/2019 0:00,BTC/USD,3989.9,4070,3963,4055,61557863.15
2/19/2019 0:00,BTC/USD,3978.1,4083.5,3936,3989.9,97689218.95
2/18/2019 0:00,BTC/USD,3735.5,4021,3723.6,3978.1,146135290.7
2/17/2019 0:00,BTC/USD,3676.45,3790,3655,3735.5,52261557.99
2/16/2019 0:00,BTC/USD,3670.1,3726.7,3664,3676.45,27801359
2/15/2019 0:00,BTC/USD,3656.7,3719,3642.8,3670.1,28883943.34
2/14/2019 0:00,BTC/USD,3666.1,3682.87,3640,3656.7,27826760
2/13/2019 0:00,BTC/USD,3694.2,3742.39,3631,3666.1,43227129.49
2/12/2019 0:00,BTC/USD,3681.08,3728,3645,3694.2,41819869.02
2/11/2019 0:00,BTC/USD,3747.7,3750,3672,3681.08,28847196.33
2/10/2019 0:00,BTC/USD,3718.3,3753.5,3661,3747.7,37198920.27
2/9/2019 0:00,BTC/USD,3724,3740,3685.7,3718.3,23421642.59
2/8/2019 0:00,BTC/USD,3438.4,3800,3425.3,3724,112471727.5
2/7/2019 0:00,BTC/USD,3451.9,3462.3,3417.1,3438.4,16706545.67
2/6/2019 0:00,BTC/USD,3513,3521,3405.32,3451.9,45675293.36
2/5/2019 0:00,BTC/USD,3490.47,3517.5,3475.1,3513,16125790.32
2/4/2019 0:00,BTC/USD,3501.74,3522.7,3475.3,3490.47,18321865.76
2/3/2019 0:00,BTC/USD,3564.2,3566.8,3470.1,3501.74,27696311.09
2/2/2019 0:00,BTC/USD,3534.77,3581,3498.76,3564.2,38406942.37
2/1/2019 0:00,BTC/USD,3503.8,3559,3460,3534.77,35648609.07
1/31/2019 0:00,BTC/USD,3529.6,3574.81,3482,3503.8,30263198.57
1/30/2019 0:00,BTC/USD,3477.9,3550,3451.2,3529.6,44194006.36
1/29/2019 0:00,BTC/USD,3501.89,3517.5,3422,3477.9,36374218.91
1/28/2019 0:00,BTC/USD,3597.1,3597.9,3445.3,3501.89,59797176.02
1/27/2019 0:00,BTC/USD,3631.2,3645.7,3541,3597.1,41257349.1
1/26/2019 0:00,BTC/USD,3628.9,3750,3622.9,3631.2,47786631.06
1/25/2019 0:00,BTC/USD,3652.71,3663.5,3580,3628.9,26763119.17
1/24/2019 0:00,BTC/USD,3622.3,3671.4,3589.45,3652.71,28549103.38
1/23/2019 0:00,BTC/USD,3639.1,3677,3591.2,3622.3,29044038.95
1/22/2019 0:00,BTC/USD,3579.4,3682.14,3462,3639.1,65094295.56
1/21/2019 0:00,BTC/USD,3586.1,3620.1,3548.3,3579.4,38848377.64
1/20/2019 0:00,BTC/USD,3762.3,3796.9,3543,3586.1,75063374.71
1/19/2019 0:00,BTC/USD,3675.7,3882,3673.9,3762.3,50709931.14
1/18/2019 0:00,BTC/USD,3722.5,3723.9,3652.39,3675.7,21039738.82
1/17/2019 0:00,BTC/USD,3673.6,3725,3606.2,3722.5,40043474.48
1/16/2019 0:00,BTC/USD,3654.3,3759.89,3642.36,3673.6,48920538.47
1/15/2019 0:00,BTC/USD,3749.3,3780.87,3623.1,3654.3,49776698.07
1/14/2019 0:00,BTC/USD,3591,3799.4,3580,3749.3,55104849.5
1/13/2019 0:00,BTC/USD,3702,3729,3570,3591,45920696.62
1/12/2019 0:00,BTC/USD,3714.8,3734,3666.6,3702,34432312.84
1/11/2019 0:00,BTC/USD,3712.8,3777.8,3666.6,3714.8,48926265.66
1/10/2019 0:00,BTC/USD,4083.3,4143.3,3687.2,3712.8,136113608.6
1/9/2019 0:00,BTC/USD,4100,4168.9,4010,4083.3,84802006.26
1/8/2019 0:00,BTC/USD,4113.9,4215.8,4056,4100,77758500.71
1/7/2019 0:00,BTC/USD,4168.4,4197,4075,4113.9,34605706.31
1/6/2019 0:00,BTC/USD,3911.9,4218,3887.5,4168.4,102409753.5
1/5/2019 0:00,BTC/USD,3954.9,4014.9,3901,3911.9,58984576.33
1/4/2019 0:00,BTC/USD,3924.3,3986,3850.1,3954.9,51836678.43
1/3/2019 0:00,BTC/USD,4048.8,4056.64,3875.1,3924.3,41795853.68
1/2/2019 0:00,BTC/USD,3963.1,4083.47,3917.9,4048.8,77342236.3
1/1/2019 0:00,BTC/USD,3830.5,3987,3788.1,3963.1,53579422.07
12/31/2018 0:00,BTC/USD,3977.3,3986.9,3771,3830.5,61367948.79
12/30/2018 0:00,BTC/USD,3894,4003.8,3838.9,3977.3,69568435.08
12/29/2018 0:00,BTC/USD,4036.7,4099.7,3859.3,3894,74977695.92
12/28/2018 0:00,BTC/USD,3712,4095,3696.3,4036.7,105153716.1
12/27/2018 0:00,BTC/USD,3929.9,3968.8,3686,3712,89482454.21
12/26/2018 0:00,BTC/USD,3909.7,3990,3812.1,3929.9,74545136.03
12/25/2018 0:00,BTC/USD,4140.7,4155,3812.1,3909.7,131834092.9
12/24/2018 0:00,BTC/USD,4071.7,4384,4069,4140.7,161585583.6
12/23/2018 0:00,BTC/USD,4135,4216,4033,4071.7,100981992.7
12/22/2018 0:00,BTC/USD,3976,4166,3919.3,4135,78429538.48
12/21/2018 0:00,BTC/USD,4214.5,4300,3902,3976,178129634
12/20/2018 0:00,BTC/USD,3810,4299,3780.1,4214.5,269934530.5
12/19/2018 0:00,BTC/USD,3780.8,4043,3756,3810,214861452.6
12/18/2018 0:00,BTC/USD,3625,3799.9,3546.9,3780.8,107464739.5
12/17/2018 0:00,BTC/USD,3301.5,3744.8,3280,3625,125040125.6
12/16/2018 0:00,BTC/USD,3283.4,3383,3276.2,3301.5,63634999.01
12/15/2018 0:00,BTC/USD,3281.7,3324.2,3215.2,3283.4,57480339.2
12/14/2018 0:00,BTC/USD,3354.3,3395.2,3224,3281.7,94808360.96
12/13/2018 0:00,BTC/USD,3535.6,3547.1,3317,3354.3,76222373.04
12/12/2018 0:00,BTC/USD,3435.28,3617.4,3415,3535.6,74265794.63
12/11/2018 0:00,BTC/USD,3524.8,3551.5,3381.8,3435.28,83009693.7
12/10/2018 0:00,BTC/USD,3642.3,3709.7,3475.8,3524.8,80447395.98
12/9/2018 0:00,BTC/USD,3506,3789,3465.4,3642.3,90374332.83
12/8/2018 0:00,BTC/USD,3460,3800.1,3316.1,3506,135760289.6
12/7/2018 0:00,BTC/USD,3531,3630,3277.6,3460,254063711.3
12/6/2018 0:00,BTC/USD,3772.9,3922.7,3503,3531,218131793.8
12/5/2018 0:00,BTC/USD,3981.9,4000.77,3750,3772.9,109684430.8
12/4/2018 0:00,BTC/USD,3901.2,4135.9,3785.5,3981.9,133977730.7
12/3/2018 0:00,BTC/USD,4173,4189.8,3830.1,3901.2,146870203.3
12/2/2018 0:00,BTC/USD,4241.3,4369.8,4113,4173,102941696.1
12/1/2018 0:00,BTC/USD,4039.5,4340,3964.5,4241.3,114784731.9
11/30/2018 0:00,BTC/USD,4321.9,4368.8,3950,4039.5,175006992
11/29/2018 0:00,BTC/USD,4305,4488,4167.2,4321.9,177210733.1
11/28/2018 0:00,BTC/USD,3882.7,4447.6,3882.7,4305,274474031.2
11/27/2018 0:00,BTC/USD,3864.1,3959.41,3684.1,3882.7,176640255.6
11/26/2018 0:00,BTC/USD,4089.1,4207.1,3695.5,3864.1,249616173.6
11/25/2018 0:00,BTC/USD,3929.9,4233.2,3657.6,4089.1,321001983.6
11/24/2018 0:00,BTC/USD,4422.7,4529,3819.4,3929.9,211732113.6
11/23/2018 0:00,BTC/USD,4369.6,4495,4210,4422.7,157466977.7
11/22/2018 0:00,BTC/USD,4662.7,4723.7,4342.1,4369.6,130579599.5
11/21/2018 0:00,BTC/USD,4571,4787.3,4412.3,4662.7,203826727.1
11/20/2018 0:00,BTC/USD,4920.7,5056.27,4303.5,4571,545927989.9
11/19/2018 0:00,BTC/USD,5659.5,5659.5,4855,4920.7,387294753.8
11/18/2018 0:00,BTC/USD,5628.3,5745.6,5620.9,5659.5,53930945.98
11/17/2018 0:00,BTC/USD,5655.7,5661.1,5569.1,5628.3,44584273.75
11/16/2018 0:00,BTC/USD,5749.6,5777.5,5530.92,5655.7,104666368.2
11/15/2018 0:00,BTC/USD,5922.4,5940,5432,5749.6,281942127.8
11/14/2018 0:00,BTC/USD,6459.07,6485.8,5678,5922.4,417150478.3
11/13/2018 0:00,BTC/USD,6446.9,6501.1,6397.1,6459.07,65332208.83
11/12/2018 0:00,BTC/USD,6447.9,6481,6418.8,6446.9,47163665.29
11/11/2018 0:00,BTC/USD,6431.1,6459.9,6357.8,6447.9,47078299.92
11/10/2018 0:00,BTC/USD,6418.7,6469.3,6414.4,6431.1,21031407.99
11/9/2018 0:00,BTC/USD,6475.3,6504.4,6385,6418.7,67683873.09
11/8/2018 0:00,BTC/USD,6572.9,6585,6460,6475.3,75669897.32
11/7/2018 0:00,BTC/USD,6522.2,6615,6511,6572.9,70566536.11
11/6/2018 0:00,BTC/USD,6470.2,6527.7,6447.4,6522.2,47915589.46
11/5/2018 0:00,BTC/USD,6491.7,6500.6,6435.3,6470.2,31154083
11/4/2018 0:00,BTC/USD,6389.1,6529.4,6357.9,6491.7,57994489.65
11/3/2018 0:00,BTC/USD,6427,6432.4,6323,6389.1,72941495.74
11/2/2018 0:00,BTC/USD,6406.1,6456.1,6389.9,6427,52435142.88
11/1/2018 0:00,BTC/USD,6368.39,6443.9,6352.9,6406.1,58559193.75
10/31/2018 0:00,BTC/USD,6330.1,6419.8,6242.1,6368.39,63103796.22
10/30/2018 0:00,BTC/USD,6346.5,6383.6,6302,6330.1,68228331.12
10/29/2018 0:00,BTC/USD,6490.1,6512,6320.8,6346.5,125198760.7
10/28/2018 0:00,BTC/USD,6500.2,6513.88,6451,6490.1,44327184.62
10/27/2018 0:00,BTC/USD,6531.5,6560,6476.9,6500.2,45388946.91
10/26/2018 0:00,BTC/USD,6528,6597.4,6511,6531.5,48566430.72
10/25/2018 0:00,BTC/USD,6554.1,6568.7,6462.9,6528,56951294.18
10/24/2018 0:00,BTC/USD,6550,6626.3,6536,6554.1,56248255.79
10/23/2018 0:00,BTC/USD,6567.3,6591.6,6525.3,6550,58150098.92
10/22/2018 0:00,BTC/USD,6590.9,6627.9,6535.1,6567.3,39976390.53
10/21/2018 0:00,BTC/USD,6586.7,6660.8,6581.2,6590.9,29304687.66
10/20/2018 0:00,BTC/USD,6525.1,6611,6511,6586.7,30545359.06
10/19/2018 0:00,BTC/USD,6613.2,6639.5,6518.2,6525.1,73995276.09
10/18/2018 0:00,BTC/USD,6736,6779.9,6566.7,6613.2,83816613.33
10/17/2018 0:00,BTC/USD,6754.2,6794,6674.3,6736,59834386.04
10/16/2018 0:00,BTC/USD,6742,6897.6,6669.1,6754.2,105941612.5
10/15/2018 0:00,BTC/USD,6336.4,7788,6294.6,6742,587800439.8
10/14/2018 0:00,BTC/USD,6326.5,6399.3,6302.5,6336.4,71504393.2
10/13/2018 0:00,BTC/USD,6291.9,6333.7,6280.3,6326.5,36732503.39
10/12/2018 0:00,BTC/USD,6251.9,6353.4,6220.3,6291.9,65596414.91
10/11/2018 0:00,BTC/USD,6630.07,6630.07,6220.4,6251.9,263411060.6
10/10/2018 0:00,BTC/USD,6663,6663.1,6513.53,6630.07,91269880.6
10/9/2018 0:00,BTC/USD,6673.2,6682,6605,6663,54138899.1
10/8/2018 0:00,BTC/USD,6609.4,6730,6585.9,6673.2,84867099.68
10/7/2018 0:00,BTC/USD,6595.2,6640.4,6525,6609.4,38405707.71
10/6/2018 0:00,BTC/USD,6639.9,6648.2,6563.7,6595.2,38280794.85
10/5/2018 0:00,BTC/USD,6590.4,6741.44,6506.6,6639.9,82637324.34
10/4/2018 0:00,BTC/USD,6503.2,6648.8,6495.2,6590.4,71370798.22
10/3/2018 0:00,BTC/USD,6527.6,6555.1,6424.6,6503.2,92367971.94
10/2/2018 0:00,BTC/USD,6601.9,6644.7,6467.9,6527.6,78103071.99
10/1/2018 0:00,BTC/USD,6622.4,6660,6500,6601.9,67511869.64
9/30/2018 0:00,BTC/USD,6597.3,6662.8,6529.6,6622.4,54645264.98
9/29/2018 0:00,BTC/USD,6635.2,6635.2,6466,6597.3,109831355.2
9/28/2018 0:00,BTC/USD,6691.2,6826.42,6541.9,6635.2,184677239
9/27/2018 0:00,BTC/USD,6462.4,6745,6436.7,6691.2,113860257.4
9/26/2018 0:00,BTC/USD,6442.8,6558,6382.5,6462.4,84598401.99
9/25/2018 0:00,BTC/USD,6585.1,6585.1,6328,6442.8,128898926.1
9/24/2018 0:00,BTC/USD,6710,6721.7,6555,6585.1,115723074.9
9/23/2018 0:00,BTC/USD,6723,6785.9,6661.5,6710,57151074.42
9/22/2018 0:00,BTC/USD,6762.1,6840.9,6636,6723,103109243.1
9/21/2018 0:00,BTC/USD,6493.91,6790.5,6473.8,6762.1,234605337.6
9/20/2018 0:00,BTC/USD,6390.9,6557,6340,6493.91,93457852.14
9/19/2018 0:00,BTC/USD,6335.4,6525.8,6110,6390.9,156555659.6
9/18/2018 0:00,BTC/USD,6252,6384,6228.1,6335.4,100346177.4
9/17/2018 0:00,BTC/USD,6498.4,6543.3,6202.8,6252,138855236.3
9/16/2018 0:00,BTC/USD,6512.8,6520.6,6401.9,6498.4,48314667.72
9/15/2018 0:00,BTC/USD,6480.1,6572.2,6465.6,6512.8,54159419.75
9/14/2018 0:00,BTC/USD,6489,6596.5,6376.2,6480.1,100490027.9
9/13/2018 0:00,BTC/USD,6332.42,6528.4,6332.42,6489,117805914.1
9/12/2018 0:00,BTC/USD,6290.9,6355,6202.8,6332.42,102325343.4
9/11/2018 0:00,BTC/USD,6314.9,6399.6,6170,6290.9,103492072.1
9/10/2018 0:00,BTC/USD,6239.9,6373.68,6219,6314.9,89366606.45
9/9/2018 0:00,BTC/USD,6184.94,6447.8,6140.5,6239.9,95412358.05
9/8/2018 0:00,BTC/USD,6397,6475.5,6119.5,6184.94,114399079.8
9/7/2018 0:00,BTC/USD,6516.1,6549.5,6322.8,6397,132973646.1
9/6/2018 0:00,BTC/USD,6704,6731.3,6302.2,6516.1,337954015.2
9/5/2018 0:00,BTC/USD,7358.9,7404,6700,6704,366681692
9/4/2018 0:00,BTC/USD,7267.8,7415.4,7246.2,7358.9,145456029.5
9/3/2018 0:00,BTC/USD,7300,7360,7200,7267.8,154637944.1
9/2/2018 0:00,BTC/USD,7197.4,7416.9,7135.3,7300,299002871.9
9/1/2018 0:00,BTC/USD,7014.6,7269.9,7011.3,7197.4,138356034.2
8/31/2018 0:00,BTC/USD,6986,7100,6881.6,7014.6,127538522.9
8/30/2018 0:00,BTC/USD,7039,7060,6802.1,6986,158007419
8/29/2018 0:00,BTC/USD,7079.9,7139.4,6924.27,7039,139637219.3
8/28/2018 0:00,BTC/USD,6909.4,7127.9,6872,7079.9,197235107.6
8/27/2018 0:00,BTC/USD,6707,6940.8,6652.7,6909.4,154013519.1
8/26/2018 0:00,BTC/USD,6732.9,6789,6557,6707,104193264.7
8/25/2018 0:00,BTC/USD,6693.6,6799.7,6670,6732.9,110848836.9
8/24/2018 0:00,BTC/USD,6527.2,6728.6,6451,6693.6,129692080.7
8/23/2018 0:00,BTC/USD,6362.1,6566.64,6350,6527.2,116530014.3
8/22/2018 0:00,BTC/USD,6479.1,6899,6250.3,6362.1,316940382.9
8/21/2018 0:00,BTC/USD,6255.9,6526.2,6245,6479.1,182500052.9
8/20/2018 0:00,BTC/USD,6485.1,6524,6230,6255.9,194461177.7
8/19/2018 0:00,BTC/USD,6391.2,6550.3,6309.3,6485.1,85956107.1
8/18/2018 0:00,BTC/USD,6584.05,6619.5,6300,6391.2,124216024.2
8/17/2018 0:00,BTC/USD,6315.6,6592.9,6290,6584.05,168772164.7
8/16/2018 0:00,BTC/USD,6270.2,6476.7,6212.9,6315.6,159138721.7
8/15/2018 0:00,BTC/USD,6189,6647.6,6180.01,6270.2,405891229.3
8/14/2018 0:00,BTC/USD,6251.9,6251.9,5858.6,6189,310918885.2
8/13/2018 0:00,BTC/USD,6313.9,6548.3,6137.6,6251.9,194986099.7
8/12/2018 0:00,BTC/USD,6233.1,6499,6162,6313.9,142340923.3
8/11/2018 0:00,BTC/USD,6146.7,6499.5,6008.1,6233.1,222971461.9
8/10/2018 0:00,BTC/USD,6533.6,6573.8,6010,6146.7,270821409.7
8/9/2018 0:00,BTC/USD,6280.7,6628,6183,6533.6,212106308.2
8/8/2018 0:00,BTC/USD,6718.8,6720.1,6128.2,6280.7,324217413.4
8/7/2018 0:00,BTC/USD,6941.2,7150,6677,6718.8,220473695.4
8/6/2018 0:00,BTC/USD,7025.8,7153.6,6847,6941.2,123957813.8
8/5/2018 0:00,BTC/USD,7013.22,7090,6890,7025.8,123180526.6
8/4/2018 0:00,BTC/USD,7420,7492.2,6928.8,7013.22,211690412.6
8/3/2018 0:00,BTC/USD,7535.2,7535.2,7282.1,7420,226404376.4
8/2/2018 0:00,BTC/USD,7606,7713,7450,7535.2,134161525
8/1/2018 0:00,BTC/USD,7731.3,7756.1,7440.2,7606,224258256.8
7/31/2018 0:00,BTC/USD,8179.5,8179.5,7664.9,7731.3,337779783.1
7/30/2018 0:00,BTC/USD,8221,8301.73,7861.2,8179.5,297960104.4
7/29/2018 0:00,BTC/USD,8235.6,8313.3,8123,8221,83553959.28
7/28/2018 0:00,BTC/USD,8188,8262,8067.2,8235.6,104433957.5
7/27/2018 0:00,BTC/USD,7939,8291,7815.09,8188,266476948.9
7/26/2018 0:00,BTC/USD,8178.4,8323.1,7869.6,7939,256249041.7
7/25/2018 0:00,BTC/USD,8390,8488.1,8073,8178.4,296050005.4
7/24/2018 0:00,BTC/USD,7718.9,8502.6,7690,8390,490709109.5
7/23/2018 0:00,BTC/USD,7397.6,7812.9,7374,7718.9,329934961.2
7/22/2018 0:00,BTC/USD,7403.4,7575,7329.1,7397.6,125560662.9
7/21/2018 0:00,BTC/USD,7333.1,7459,7221,7403.4,81778072.33
7/20/2018 0:00,BTC/USD,7473.5,7685.2,7273.1,7333.1,234637716.9
7/19/2018 0:00,BTC/USD,7379.4,7560,7281.4,7473.5,164367053.1
7/18/2018 0:00,BTC/USD,7319.8,7588,7246.5,7379.4,292175116.1
7/17/2018 0:00,BTC/USD,6729.2,7483.9,6666,7319.8,316592618.1
7/16/2018 0:00,BTC/USD,6347.2,6750,6327.1,6729.2,190390516
7/15/2018 0:00,BTC/USD,6250,6389,6230.3,6347.2,64609535.39
7/14/2018 0:00,BTC/USD,6220,6320,6179.2,6250,55502620.26
7/13/2018 0:00,BTC/USD,6249,6339.9,6125,6220,124284898.1
7/12/2018 0:00,BTC/USD,6377.8,6377.8,6079.9,6249,144338397.4
7/11/2018 0:00,BTC/USD,6301.8,6407.9,6286.3,6377.8,103682065.3
7/10/2018 0:00,BTC/USD,6666.9,6685.8,6260.1,6301.8,169553566.1
7/9/2018 0:00,BTC/USD,6707,6820,6616.6,6666.9,105776967.9
7/8/2018 0:00,BTC/USD,6761.8,6801.9,6669.9,6707,89510628.82
7/7/2018 0:00,BTC/USD,6602.2,6837,6511,6761.8,87955369.89
7/6/2018 0:00,BTC/USD,6531.7,6641.78,6451.9,6602.2,96991793.87
7/5/2018 0:00,BTC/USD,6590,6704.7,6423.4,6531.7,147736305.4
7/4/2018 0:00,BTC/USD,6509,6784.9,6414.1,6590,147038326.7
7/3/2018 0:00,BTC/USD,6617.6,6675.2,6470.5,6509,113481158.3
7/2/2018 0:00,BTC/USD,6349.7,6681.2,6275,6617.6,171535629
7/1/2018 0:00,BTC/USD,6391.5,6439.9,6260,6349.7,71262027.81
6/30/2018 0:00,BTC/USD,6208.1,6545.5,6195.2,6391.5,141720715.4
6/29/2018 0:00,BTC/USD,5848.1,6302,5780,6208.1,188652525.2
6/28/2018 0:00,BTC/USD,6133.09,6170.9,5822.3,5848.1,106826644.2
6/27/2018 0:00,BTC/USD,6073.4,6192.7,5984.9,6133.09,110540087.5
6/26/2018 0:00,BTC/USD,6246.6,6280.8,6050.2,6073.4,114190823.5
6/25/2018 0:00,BTC/USD,6148.04,6341,6068.5,6246.6,165952361.5
6/24/2018 0:00,BTC/USD,6151.93,6249.7,5755,6148.04,268869090.3
6/23/2018 0:00,BTC/USD,6042.6,6259,6013,6151.93,124940081.3
6/22/2018 0:00,BTC/USD,6715.2,6731,5910.8,6042.6,335779403
6/21/2018 0:00,BTC/USD,6760.4,6788.8,6679.3,6715.2,71628297.19
6/20/2018 0:00,BTC/USD,6735.5,6825,6560,6760.4,123733177.9
6/19/2018 0:00,BTC/USD,6709.2,6848.2,6655,6735.5,116540181.1
6/18/2018 0:00,BTC/USD,6438.4,6827.9,6370.77,6709.2,150860200.7
6/17/2018 0:00,BTC/USD,6485.9,6573,6424.8,6438.4,55464373.5
6/16/2018 0:00,BTC/USD,6385,6559.7,6330,6485.9,88159803.43
6/15/2018 0:00,BTC/USD,6633.7,6659,6350,6385,127892576
6/14/2018 0:00,BTC/USD,6295.1,6736.52,6269.5,6633.7,197450952.6
6/13/2018 0:00,BTC/USD,6543.9,6611.7,6107.88,6295.1,276804573.7
6/12/2018 0:00,BTC/USD,6873.3,6873.4,6436.1,6543.9,197909118.3
6/11/2018 0:00,BTC/USD,6758,6899,6629.7,6873.3,150583212.3
6/10/2018 0:00,BTC/USD,7498.5,7498.6,6630,6758,361863799.9
6/9/2018 0:00,BTC/USD,7615.1,7685,7463.4,7498.5,50467056.59
6/8/2018 0:00,BTC/USD,7688.9,7697,7543.6,7615.1,92098498.19
6/7/2018 0:00,BTC/USD,7654,7756.3,7624.7,7688.9,83404764.88
6/6/2018 0:00,BTC/USD,7621.9,7700,7491.7,7654,124490976.9
6/5/2018 0:00,BTC/USD,7488.3,7675,7372,7621.9,121882924.5
6/4/2018 0:00,BTC/USD,7718,7764,7451.1,7488.3,133657335.4
6/3/2018 0:00,BTC/USD,7638.1,7779,7600,7718,104417170.4
6/2/2018 0:00,BTC/USD,7521,7698.8,7441.5,7638.1,123627263
6/1/2018 0:00,BTC/USD,7485.8,7599.8,7329.19,7521,141455168.4
5/31/2018 0:00,BTC/USD,7375.12,7599.7,7338,7485.8,143522705.6
5/30/2018 0:00,BTC/USD,7465.2,7560,7270.5,7375.12,163147111.1
5/29/2018 0:00,BTC/USD,7097.9,7536,7040,7465.2,198139678.6
5/28/2018 0:00,BTC/USD,7339.7,7437.7,7062.3,7097.9,189039280.7
5/27/2018 0:00,BTC/USD,7327.7,7425.4,7211.1,7339.7,115619165.3
5/26/2018 0:00,BTC/USD,7456.7,7624.1,7281,7327.7,102683254.9
5/25/2018 0:00,BTC/USD,7576.7,7654.1,7318.2,7456.7,192775928.7
5/24/2018 0:00,BTC/USD,7494.8,7729.83,7260,7576.7,289840367.2
5/23/2018 0:00,BTC/USD,7977.85,8020,7403,7494.8,306082064.9
5/22/2018 0:00,BTC/USD,8398.8,8408.28,7943.3,7977.85,165144229.4
5/21/2018 0:00,BTC/USD,8523.6,8644,8309.1,8398.8,137587899.9
5/20/2018 0:00,BTC/USD,8231,8597.9,8171.5,8523.6,127232890.2
5/19/2018 0:00,BTC/USD,8238.9,8430,8140.2,8231,109560697.5
5/18/2018 0:00,BTC/USD,8054.3,8277.2,7925,8238.9,184236039.1
5/17/2018 0:00,BTC/USD,8336.1,8482.2,7982.5,8054.3,203331061.9
5/16/2018 0:00,BTC/USD,8467.5,8492.7,8100,8336.1,265254056.4
5/15/2018 0:00,BTC/USD,8670.8,8855.7,8415,8467.5,220646777.3
5/14/2018 0:00,BTC/USD,8683.6,8884.5,8271,8670.8,314085399.9
5/13/2018 0:00,BTC/USD,8470.8,8760,8318.3,8683.6,193696088.9
5/12/2018 0:00,BTC/USD,8412.4,8631.7,8204.41,8470.8,306163209.3
5/11/2018 0:00,BTC/USD,9018,9018.1,8333.8,8412.4,458657858.2
5/10/2018 0:00,BTC/USD,9318.2,9393.9,9003,9018,214713650.9
5/9/2018 0:00,BTC/USD,9184.7,9375.8,8980,9318.2,208046771.8
5/8/2018 0:00,BTC/USD,9370,9471,9045.3,9184.7,232088224.7
5/7/2018 0:00,BTC/USD,9658.7,9677.9,9182.7,9370,232769761.9
5/6/2018 0:00,BTC/USD,9861.2,9964,9454,9658.7,250098474.8
5/5/2018 0:00,BTC/USD,9703,9990,9685,9861.2,280281507.9
5/4/2018 0:00,BTC/USD,9759,9848,9542.5,9703,233151571.7
5/3/2018 0:00,BTC/USD,9236.4,9875,9161,9759,329445446.8
5/2/2018 0:00,BTC/USD,9068.2,9279.9,8968.3,9236.4,180821070.4
5/1/2018 0:00,BTC/USD,9240.6,9247.3,8817.97,9068.2,224495781.5
4/30/2018 0:00,BTC/USD,9400,9450,9100,9240.6,208297373.8
4/29/2018 0:00,BTC/USD,9345.7,9565.1,9180,9400,253905688.4
4/28/2018 0:00,BTC/USD,8920.1,9437.6,8872,9345.7,317887455.7
4/27/2018 0:00,BTC/USD,9269.9,9381.1,8888.6,8920.1,273120789.2
4/26/2018 0:00,BTC/USD,8868.4,9308,8652.2,9269.9,359228351.1
4/25/2018 0:00,BTC/USD,9646.8,9767.4,8765.1,8868.4,668976337.5
4/24/2018 0:00,BTC/USD,8940,9745,8929.9,9646.8,530366999
4/23/2018 0:00,BTC/USD,8791.4,9011,8769,8940,206738729.1
4/22/2018 0:00,BTC/USD,8912.5,9048.2,8751.09,8791.4,262815187.6
4/21/2018 0:00,BTC/USD,8865.4,9069,8616,8912.5,331168878
4/20/2018 0:00,BTC/USD,8273,8937.5,8219,8865.4,408404618.6
4/19/2018 0:00,BTC/USD,8171,8297.4,8104,8273,232308172.4
4/18/2018 0:00,BTC/USD,7888.9,8237.2,7870.5,8171,218071064.9
4/17/2018 0:00,BTC/USD,8056.2,8185,7823,7888.9,212819639.7
4/16/2018 0:00,BTC/USD,8357.5,8415.5,7900.3,8056.2,263749559.7
4/15/2018 0:00,BTC/USD,8003,8458.8,7997.2,8357.5,234537997.1
4/14/2018 0:00,BTC/USD,7886.9,8185,7820.5,8003,206634688.2
4/13/2018 0:00,BTC/USD,7912,8240,7739.1,7886.9,474891031.6
4/12/2018 0:00,BTC/USD,6943.1,8087,6753,7912,671503176.7
4/11/2018 0:00,BTC/USD,6837.1,7005.8,6794,6943.1,190667714.5
4/10/2018 0:00,BTC/USD,6770,6897.4,6650,6837.1,170841649.2
4/9/2018 0:00,BTC/USD,7023.9,7189,6611,6770,495916361.5
4/8/2018 0:00,BTC/USD,6892.6,7126,6883,7023.9,201921442.8
4/7/2018 0:00,BTC/USD,6610,7080,6599.9,6892.6,248688447.7
4/6/2018 0:00,BTC/USD,6769,6864,6500.2,6610,273538524.1
4/5/2018 0:00,BTC/USD,6785.9,6938,6564.9,6769,305581665.3
4/4/2018 0:00,BTC/USD,7405.6,7422,6670,6785.9,347227436.7
4/3/2018 0:00,BTC/USD,7053.3,7509.7,7019.9,7405.6,349662662.5
4/2/2018 0:00,BTC/USD,6816.6,7132,6769.4,7053.3,307331586.9
4/1/2018 0:00,BTC/USD,6925.4,7035.1,6425.1,6816.6,367964202.6
3/31/2018 0:00,BTC/USD,6840.4,7222,6780.06,6925.4,472001891.1
3/30/2018 0:00,BTC/USD,7094,7269,6549.9,6840.4,726470743.6
3/29/2018 0:00,BTC/USD,7936,7973,6883,7094,537493533.1
3/28/2018 0:00,BTC/USD,7784.6,8120.2,7702.1,7936,270258151.3
3/27/2018 0:00,BTC/USD,8131.12,8210,7716.6,7784.6,395673039.4
3/26/2018 0:00,BTC/USD,8445,8499.1,7835.9,8131.12,433288763.9
3/25/2018 0:00,BTC/USD,8522.7,8674.4,8364.8,8445,255905054.9
3/24/2018 0:00,BTC/USD,8914.4,9050.3,8460,8522.7,372217623.7
3/23/2018 0:00,BTC/USD,8699.3,8917.6,8271.1,8914.4,371275501
3/22/2018 0:00,BTC/USD,8888.2,9095.92,8450,8699.3,430220172.3
3/21/2018 0:00,BTC/USD,8899.7,9177.5,8752,8888.2,372221050.4
3/20/2018 0:00,BTC/USD,8600.2,9040,8305.1,8899.7,455322064.5
3/19/2018 0:00,BTC/USD,8200.3,8717,8085.7,8600.2,591414182.7
3/18/2018 0:00,BTC/USD,7845,8300,7240,8200.3,656987846.4
3/17/2018 0:00,BTC/USD,8250,8367,7728.1,7845,380842416.5
3/16/2018 0:00,BTC/USD,8250,8604.5,7902,8250,441514146.1
3/15/2018 0:00,BTC/USD,8177.2,8418,7665.1,8250,644384004.5
3/14/2018 0:00,BTC/USD,9135.2,9250,7916,8177.2,491027268.1
3/13/2018 0:00,BTC/USD,9130.2,9482.4,8822,9135.2,556584542.1
3/12/2018 0:00,BTC/USD,9527.7,9900,8770,9130.2,612606330.8
3/11/2018 0:00,BTC/USD,8769.9,9729,8428,9527.7,627741870.5
3/10/2018 0:00,BTC/USD,9216.2,9506.4,8670.9,8769.9,455648657.4
3/9/2018 0:00,BTC/USD,9300,9428,8342,9216.2,842060926.9
3/8/2018 0:00,BTC/USD,9910.6,10112,9025,9300,626410649.7
3/7/2018 0:00,BTC/USD,10720,10899,9400,9910.6,735941360.2
3/6/2018 0:00,BTC/USD,11402,11411,10567,10720,456474428.5
3/5/2018 0:00,BTC/USD,11499,11700,11380,11402,305243757.7
3/4/2018 0:00,BTC/USD,11454,11549,11050,11499,306478200.3
3/3/2018 0:00,BTC/USD,11024,11530,11024,11454,333111705
3/2/2018 0:00,BTC/USD,10923,11189,10762,11024,309043894
3/1/2018 0:00,BTC/USD,10315,11095,10210,10923,343359812.2
2/28/2018 0:00,BTC/USD,10582,11065,10261,10315,438588692.2
2/27/2018 0:00,BTC/USD,10320,10888,10125,10582,404680373.4
2/26/2018 0:00,BTC/USD,9581.9,10439,9359.9,10320,443925734
2/25/2018 0:00,BTC/USD,9666.3,9840,9280.4,9581.9,288538180.7
2/24/2018 0:00,BTC/USD,10144,10500,9350.3,9666.3,521930897.8
2/23/2018 0:00,BTC/USD,9826.5,10395,9583.1,10144,567466843.9
2/22/2018 0:00,BTC/USD,10450,10915,9740,9826.5,708331522.4
2/21/2018 0:00,BTC/USD,11211,11239,10200,10450,799460974.3
2/20/2018 0:00,BTC/USD,11172,11788,11100,11211,658532997.5
2/19/2018 0:00,BTC/USD,10400,11250,10308,11172,531225259.4
2/18/2018 0:00,BTC/USD,11062,11250,10122,10400,711575764.4
2/17/2018 0:00,BTC/USD,10162,11084,10049,11062,550672754.3
2/16/2018 0:00,BTC/USD,9996,10271,9670,10162,420392841.7
2/15/2018 0:00,BTC/USD,9455.5,10176,9338,9996,646965183.1
2/14/2018 0:00,BTC/USD,8511.6,9489,8511.6,9455.5,445269567.1
2/13/2018 0:00,BTC/USD,8902.9,8952.9,8313.52,8511.6,331049587.9
2/12/2018 0:00,BTC/USD,8070.5,9000,8069.58,8902.9,429033111.4
2/11/2018 0:00,BTC/USD,8563,8570,7851,8070.5,419621875.9
2/10/2018 0:00,BTC/USD,8678.1,9074.9,8151.3,8563,555946296.7
2/9/2018 0:00,BTC/USD,8239.7,8750,7724.9,8678.1,509624165.1
2/8/2018 0:00,BTC/USD,7586.9,8648.9,7565,8239.7,629028322.7
2/7/2018 0:00,BTC/USD,7678.8,8488.9,7175.1,7586.9,830372193.3
2/6/2018 0:00,BTC/USD,6947.2,7880,6000,7678.8,1291517771
2/5/2018 0:00,BTC/USD,8185.2,8380,6651,6947.2,960180027.9
2/4/2018 0:00,BTC/USD,9225,9410,7809,8185.2,576788337.4
2/3/2018 0:00,BTC/USD,8890.9,9499,8180,9225,455149525.8
2/2/2018 0:00,BTC/USD,9181,9213,7960,8890.9,1034590602
2/1/2018 0:00,BTC/USD,10267,10336,8941,9181,731092225.8
1/31/2018 0:00,BTC/USD,10171,10414,9760,10267,429226162.7
1/30/2018 0:00,BTC/USD,11217.82,11250,9860.4,10171,610362193.5
1/29/2018 0:00,BTC/USD,11829,11975,11070,11217.82,278683063
1/28/2018 0:00,BTC/USD,11458,12190,11390,11829,337310640.9
1/27/2018 0:00,BTC/USD,11069,11689,10800,11458,373115740.8
1/26/2018 0:00,BTC/USD,11147,11700,10276,11069,604628155.4
1/25/2018 0:00,BTC/USD,11391,11734,10845,11147,383853794.3
1/24/2018 0:00,BTC/USD,10811,11557.89,10430,11391,478491148.7
1/23/2018 0:00,BTC/USD,10779,11427,9900,10811,667370521
1/22/2018 0:00,BTC/USD,11514,11900,10009,10779,704623899.2
1/21/2018 0:00,BTC/USD,12731,12732,11015,11514,620965615.2
1/20/2018 0:00,BTC/USD,11476,13017,11407,12731,560806147
1/19/2018 0:00,BTC/USD,11031,11900,10647,11476,534833075.2
1/18/2018 0:00,BTC/USD,11108,11904,10515,11031,953010219.6
1/17/2018 0:00,BTC/USD,11063,11497,9231.1,11108,1360922999
1/16/2018 0:00,BTC/USD,13601,13617,9940,11063,1467077034
1/15/2018 0:00,BTC/USD,13558,14356,13300,13601,458336248.2
1/14/2018 0:00,BTC/USD,14199,14393,12874.34,13558,468903936.3
1/13/2018 0:00,BTC/USD,13794,14580,13750,14199,407386975.4
1/12/2018 0:00,BTC/USD,13254,14100,12751,13794,508673420
1/11/2018 0:00,BTC/USD,14900,14999,12646,13254,942489459.2
1/10/2018 0:00,BTC/USD,14425,14901,13300,14898,791294597.1
1/9/2018 0:00,BTC/USD,14906,15355,14122,14425,635984605.1
1/8/2018 0:00,BTC/USD,16214,16329,13760,14906,916985390.2
1/7/2018 0:00,BTC/USD,17169,17178,15712,16214,474685778.3
1/6/2018 0:00,BTC/USD,16911,17252,16251,17169,487575180
1/5/2018 0:00,BTC/USD,15159,17105,14725,16911,839478745.5
1/4/2018 0:00,BTC/USD,15150,15422.16,14060,15159,651074350.7
1/3/2018 0:00,BTC/USD,14722,15428.83,14500,15150,569371973.8
1/2/2018 0:00,BTC/USD,13376,15500,12795,14722,720663040.6
1/1/2018 0:00,BTC/USD,13769,13893,12777,13376,389273932.6
