date,label,open,high,low,close,volume
1/31/2021 0:00,LTC/USD,133.52,135.17,125.79,129.58,5315665.105
1/30/2021 0:00,LTC/USD,134.78,136.43,127.95,133.46,8331123.234
1/29/2021 0:00,LTC/USD,133.13,146,131.58,134.96,18536000.99
1/28/2021 0:00,LTC/USD,122.51,135.84,120.82,133.1,9828402.377
1/27/2021 0:00,LTC/USD,134.81,135.14,118.24,122.62,13879980.51
1/26/2021 0:00,LTC/USD,137.13,139.83,128.47,134.82,12183046.77
1/25/2021 0:00,LTC/USD,141.26,147.96,136.68,137.03,12432497.6
1/24/2021 0:00,LTC/USD,137.65,142.94,134.1,141.17,6357702.102
1/23/2021 0:00,LTC/USD,137.88,143.97,135.22,137.73,5230724.779
1/22/2021 0:00,LTC/USD,129.76,142.14,123,138.06,19313017.06
1/21/2021 0:00,LTC/USD,149.77,150.24,125.74,129.73,26782317.44
1/20/2021 0:00,LTC/USD,151.74,156.25,138.17,149.92,20613881.23
1/19/2021 0:00,LTC/USD,152.31,166.69,150.46,151.93,22700264
1/18/2021 0:00,LTC/USD,143.03,155,138.67,152.06,16103535.43
1/17/2021 0:00,LTC/USD,143.62,147.13,136.27,143.05,6635512.793
1/16/2021 0:00,LTC/USD,143.61,152.82,139.11,143.7,11690148.8
1/15/2021 0:00,LTC/USD,152.3,155.47,130.38,143.91,16532715.04
1/14/2021 0:00,LTC/USD,147.33,156.84,143.31,152.59,17385178.31
1/13/2021 0:00,LTC/USD,133.51,148.38,125.95,147.26,17577211.29
1/12/2021 0:00,LTC/USD,139.02,147.35,128,133.79,35022389.28
1/11/2021 0:00,LTC/USD,170.3,170.78,112.75,139.02,100995030.9
1/10/2021 0:00,LTC/USD,177.43,185.75,162.14,170.28,36078678.01
1/9/2021 0:00,LTC/USD,172.05,179.19,163.09,177.38,22959685.1
1/8/2021 0:00,LTC/USD,169.07,181.58,149.55,172,43985559.91
1/7/2021 0:00,LTC/USD,169.26,181.26,160.86,169.29,65581185.11
1/6/2021 0:00,LTC/USD,158.67,169.71,155.11,168.84,39141262.75
1/5/2021 0:00,LTC/USD,155.39,162.97,146.28,158.61,29726409.52
1/4/2021 0:00,LTC/USD,160.88,173.47,139.53,155.35,51774293.26
1/3/2021 0:00,LTC/USD,136.98,164.73,135.36,161.27,65853626.13
1/2/2021 0:00,LTC/USD,126.32,142.18,123.27,136.92,32818933.44
1/1/2021 0:00,LTC/USD,124.26,134.09,122.97,126.41,16487915.08
12/31/2020 0:00,LTC/USD,130.07,130.3,121.64,124.2,8819698.206
12/30/2020 0:00,LTC/USD,128.62,133.13,122.77,130.11,13664360.36
12/29/2020 0:00,LTC/USD,129.75,130.72,119.91,128.59,12198667.41
12/28/2020 0:00,LTC/USD,127.73,136.77,126.28,129.79,15536769.29
12/27/2020 0:00,LTC/USD,129.32,139.25,121.11,127.73,35654017.84
12/26/2020 0:00,LTC/USD,127.92,134.66,124.63,129.33,32303956.87
12/25/2020 0:00,LTC/USD,111.13,128.68,108.39,127.64,37267149.5
12/24/2020 0:00,LTC/USD,102.29,112.33,98.527,111.17,17150748.89
12/23/2020 0:00,LTC/USD,114.3,117.11,95.47,102.25,35804178.38
12/22/2020 0:00,LTC/USD,104.31,114.59,98.124,114.32,23775484.34
12/21/2020 0:00,LTC/USD,114.36,118.48,100.36,104.41,27102985.06
12/20/2020 0:00,LTC/USD,119.71,123.19,109.35,114.38,30232792.15
12/19/2020 0:00,LTC/USD,109.48,124.3,105.32,119.68,32617533.89
12/18/2020 0:00,LTC/USD,100.89,112.64,99.097,109.49,30644032.81
12/17/2020 0:00,LTC/USD,92.863,109.43,90.101,100.94,48083502.87
12/16/2020 0:00,LTC/USD,81.466,93.091,78.396,92.907,21583699.88
12/15/2020 0:00,LTC/USD,82.444,84.969,80.291,81.478,8170041.5
12/14/2020 0:00,LTC/USD,82.335,83.036,79.158,82.291,4383560.969
12/13/2020 0:00,LTC/USD,76.671,84.451,75.539,82.244,7816085.047
12/12/2020 0:00,LTC/USD,72.278,77.65,72.075,76.658,5724688.482
12/11/2020 0:00,LTC/USD,74.716,75.105,70.043,72.266,8804900.744
12/10/2020 0:00,LTC/USD,77.418,77.677,73.226,74.752,2855193.765
12/9/2020 0:00,LTC/USD,76.729,78.272,72.288,77.5,10493598.3
12/8/2020 0:00,LTC/USD,83.457,84.837,75.449,76.713,9583692.887
12/7/2020 0:00,LTC/USD,83.707,86.97,81.789,83.408,8140001.836
12/6/2020 0:00,LTC/USD,83.235,85.171,80.422,83.877,3902943.643
12/5/2020 0:00,LTC/USD,79.498,84.262,78.758,83.204,2595734.637
12/4/2020 0:00,LTC/USD,89.097,89.913,77.784,79.615,8675628.102
12/3/2020 0:00,LTC/USD,89.088,91.83,85.522,89.103,8161462.453
12/2/2020 0:00,LTC/USD,85.242,90.735,82.913,89.112,9940359.335
12/1/2020 0:00,LTC/USD,87.689,93.159,79.748,85.254,32467301.06
11/30/2020 0:00,LTC/USD,79.007,88.545,76.663,87.776,16233302.2
11/29/2020 0:00,LTC/USD,72.733,81.108,71.614,78.931,11036669.14
11/28/2020 0:00,LTC/USD,69.318,74.997,68.5,72.797,8321898.659
11/27/2020 0:00,LTC/USD,71.188,73.732,65.5,69.342,8969540.784
11/26/2020 0:00,LTC/USD,81.732,83.205,64.602,71.183,28726856.34
11/25/2020 0:00,LTC/USD,89.15,90.628,77.713,81.778,13982882.77
11/24/2020 0:00,LTC/USD,89.092,94.028,85.394,89.056,18953956.1
11/23/2020 0:00,LTC/USD,82.793,90.737,80.829,88.953,22869267.59
11/22/2020 0:00,LTC/USD,86.865,87.772,77.312,82.712,13278479.86
11/21/2020 0:00,LTC/USD,82.491,88.346,80.003,86.862,16330095.86
11/20/2020 0:00,LTC/USD,81.6,85.616,80.06,82.468,12741984.24
11/19/2020 0:00,LTC/USD,73.406,83.398,71.462,81.618,16610430.69
11/18/2020 0:00,LTC/USD,76.392,77.097,68.043,73.41,13474573.34
11/17/2020 0:00,LTC/USD,73.764,76.966,71.315,76.318,13778235.65
11/16/2020 0:00,LTC/USD,62.303,74.533,62.171,73.769,13039789.2
11/15/2020 0:00,LTC/USD,63.858,64.432,61.11,62.33,3166023.291
11/14/2020 0:00,LTC/USD,65.95,66.287,61.7,63.746,3566710.422
11/13/2020 0:00,LTC/USD,60.655,66.56,60.139,65.892,7895814.41
11/12/2020 0:00,LTC/USD,59.368,60.73,57.671,60.73,2752397.425
11/11/2020 0:00,LTC/USD,57.976,60.626,57.891,59.357,2987191.858
11/10/2020 0:00,LTC/USD,59.269,59.648,57.04,57.955,2250598.3
11/9/2020 0:00,LTC/USD,61.082,61.969,57.527,59.206,5015918.127
11/8/2020 0:00,LTC/USD,58.975,61.999,58.693,61.037,3711844.296
11/7/2020 0:00,LTC/USD,63.166,64.7,57.223,59.059,7703239.969
11/6/2020 0:00,LTC/USD,58.879,63.674,58.557,63.155,11211908.13
11/5/2020 0:00,LTC/USD,54.722,59.709,54.631,58.845,5914797.572
11/4/2020 0:00,LTC/USD,53.989,55.232,51.602,54.717,3576491.687
11/3/2020 0:00,LTC/USD,53.812,54.4,51.092,53.973,3604085.797
11/2/2020 0:00,LTC/USD,55.59,56.8,53.05,53.882,3186281.948
11/1/2020 0:00,LTC/USD,55.744,56.2,53.991,55.589,2643830.706
10/31/2020 0:00,LTC/USD,54.054,56.5,53.665,55.748,2826617.186
10/30/2020 0:00,LTC/USD,54.835,55.761,52.187,54.034,5560439.221
10/29/2020 0:00,LTC/USD,55.816,56.552,53.346,54.836,3346837.756
10/28/2020 0:00,LTC/USD,57.909,60.516,54.696,55.791,5672338.713
10/27/2020 0:00,LTC/USD,56.88,59.098,56.527,57.939,3736377.359
10/26/2020 0:00,LTC/USD,58.841,59.34,55,56.854,5240643.178
10/25/2020 0:00,LTC/USD,59.255,60.122,56.65,58.813,4920979.902
10/24/2020 0:00,LTC/USD,55.44,59.699,54.866,59.285,4780971.864
10/23/2020 0:00,LTC/USD,54.437,57,53.2,55.47,5029948.814
10/22/2020 0:00,LTC/USD,53.105,56.403,53.072,54.496,4346045.781
10/21/2020 0:00,LTC/USD,46.928,55.078,46.913,53.1,5688693.178
10/20/2020 0:00,LTC/USD,48.027,48.457,46.429,46.914,1177953.483
10/19/2020 0:00,LTC/USD,47.579,48.508,46.847,48.079,1085546.668
10/18/2020 0:00,LTC/USD,46.97,47.998,46.833,47.617,667207.2364
10/17/2020 0:00,LTC/USD,47.646,47.688,46.361,46.984,855376.1131
10/16/2020 0:00,LTC/USD,49.569,49.9,45.601,47.607,3187691.35
10/15/2020 0:00,LTC/USD,49.842,50.318,48.912,49.55,1241956.854
10/14/2020 0:00,LTC/USD,50.006,51.095,49.363,49.87,1145489.262
10/13/2020 0:00,LTC/USD,50.7,50.797,48.94,49.979,1464988.571
10/12/2020 0:00,LTC/USD,50.549,51.636,49.235,50.723,2310315.05
10/11/2020 0:00,LTC/USD,48.976,51.35,48.741,50.596,1743773.981
10/10/2020 0:00,LTC/USD,47.877,50.575,47.876,48.944,2325381.892
10/9/2020 0:00,LTC/USD,47.302,48.279,46.729,47.906,761989.9538
10/8/2020 0:00,LTC/USD,46.689,47.602,45.521,47.314,1366269.007
10/7/2020 0:00,LTC/USD,46.042,46.966,45.023,46.676,1474507.71
10/6/2020 0:00,LTC/USD,46.408,48.305,45.58,46.011,2527633.175
10/5/2020 0:00,LTC/USD,46.792,47.179,45.655,46.387,931043.9879
10/4/2020 0:00,LTC/USD,45.589,47.115,45.369,46.8,915100.198
10/3/2020 0:00,LTC/USD,44.939,46.069,44.83,45.628,759986.2556
10/2/2020 0:00,LTC/USD,46.302,47.081,43.285,44.991,2479448.105
10/1/2020 0:00,LTC/USD,46.308,48.552,45.257,46.357,3658368.002
9/30/2020 0:00,LTC/USD,45.745,46.799,45.529,46.3,687685.3721
9/29/2020 0:00,LTC/USD,45.242,45.94,45.014,45.748,744568.1845
9/28/2020 0:00,LTC/USD,46.229,47.254,44.872,45.275,2118830.081
9/27/2020 0:00,LTC/USD,46.124,46.768,44.657,46.24,1157301.83
9/26/2020 0:00,LTC/USD,46.112,46.661,45.22,46.08,536836.169
9/25/2020 0:00,LTC/USD,45.071,46.664,44.031,46.002,1981240.385
9/24/2020 0:00,LTC/USD,43.084,45.485,42.72,44.953,1037003.27
9/23/2020 0:00,LTC/USD,44.577,45.242,42.35,43.059,1115479.459
9/22/2020 0:00,LTC/USD,43.227,44.9,42.888,44.559,655891.6471
9/21/2020 0:00,LTC/USD,47.07,47.733,41.662,43.242,2816104.947
9/20/2020 0:00,LTC/USD,48.617,48.617,46.301,47.159,1085785.766
9/19/2020 0:00,LTC/USD,48.583,49.088,48.102,48.631,605280.3395
9/18/2020 0:00,LTC/USD,48.953,49.127,47.562,48.6,1323565.346
9/17/2020 0:00,LTC/USD,47.885,49.77,47.777,48.947,1040815.205
9/16/2020 0:00,LTC/USD,48.345,48.833,47.017,47.814,1190080.661
9/15/2020 0:00,LTC/USD,49.18,50.433,48.19,48.359,1396964.323
9/14/2020 0:00,LTC/USD,48.154,49.804,47.127,49.069,1296798.336
9/13/2020 0:00,LTC/USD,50.86,51.139,47.256,48.128,1599053.148
9/12/2020 0:00,LTC/USD,48.98,51.365,48.418,50.86,1831045.2
9/11/2020 0:00,LTC/USD,48.725,49.534,47.449,48.983,1011431.686
9/10/2020 0:00,LTC/USD,47.922,49.5,47.892,48.678,1040615.71
9/9/2020 0:00,LTC/USD,47.54,48.88,46.661,47.945,705653.4011
9/8/2020 0:00,LTC/USD,48.922,49.697,46.101,47.56,2059963.696
9/7/2020 0:00,LTC/USD,47.999,49.262,45.374,48.922,3383019.01
9/6/2020 0:00,LTC/USD,47.961,49.25,46.5,47.971,1459072.85
9/5/2020 0:00,LTC/USD,50.485,51.783,45.36,47.928,3416778.084
9/4/2020 0:00,LTC/USD,47.267,52.484,46.215,50.515,6576804.132
9/3/2020 0:00,LTC/USD,58.104,58.604,44.883,47.31,12525633.84
9/2/2020 0:00,LTC/USD,62.868,63.285,56.409,58.094,4887808.836
9/1/2020 0:00,LTC/USD,61.087,64.491,59.801,62.82,4078573.273
8/31/2020 0:00,LTC/USD,63.019,64.058,60.634,61.087,3982348.417
8/30/2020 0:00,LTC/USD,57.032,63.19,57.032,63.018,6290328.011
8/29/2020 0:00,LTC/USD,57.497,58.298,57.054,57.065,922274.7683
8/28/2020 0:00,LTC/USD,56.181,58.309,55.42,57.512,1375212.911
8/27/2020 0:00,LTC/USD,58.15,59.343,54.04,56.181,3395084.599
8/26/2020 0:00,LTC/USD,58.363,59.119,57.062,58.11,1689548.237
8/25/2020 0:00,LTC/USD,62.1,62.341,56.7,58.468,4133805.969
8/24/2020 0:00,LTC/USD,60.64,63.113,60.085,62.12,3183207.507
8/23/2020 0:00,LTC/USD,60.296,61.698,57.977,60.55,1688100.368
8/22/2020 0:00,LTC/USD,59.15,60.596,57.801,60.341,1390838.78
8/21/2020 0:00,LTC/USD,62.911,64.009,58.812,59.177,4556299.21
8/20/2020 0:00,LTC/USD,62.202,63.789,61.037,63.059,3152866.565
8/19/2020 0:00,LTC/USD,65.44,67.188,58.66,62.163,8192059.003
8/18/2020 0:00,LTC/USD,67.269,68.494,63.425,65.48,13763670.15
8/17/2020 0:00,LTC/USD,64.007,68.941,61.5,67.27,15647390.95
8/16/2020 0:00,LTC/USD,59.94,64.6,58.09,64,5241179.013
8/15/2020 0:00,LTC/USD,56.825,60.98,56.551,59.937,6288428.57
8/14/2020 0:00,LTC/USD,57.286,57.96,55.958,56.689,2367512.98
8/13/2020 0:00,LTC/USD,54.874,57.41,51.901,57.172,3572432.051
8/12/2020 0:00,LTC/USD,54.069,54.99,51.504,54.822,2042647.717
8/11/2020 0:00,LTC/USD,58.379,59.721,52.24,54.079,5719184.24
8/10/2020 0:00,LTC/USD,56.98,59.532,56.501,58.279,3582888.384
8/9/2020 0:00,LTC/USD,58.45,58.686,55.95,56.93,1167927.705
8/8/2020 0:00,LTC/USD,57.168,58.54,56.442,58.45,1309956.084
8/7/2020 0:00,LTC/USD,58.971,61.044,54.513,57.155,4972899.275
8/6/2020 0:00,LTC/USD,58.763,60.689,57.75,59.092,2650356.451
8/5/2020 0:00,LTC/USD,57.628,59.829,56.707,58.888,3195669.66
8/4/2020 0:00,LTC/USD,58.488,59.564,56.334,57.57,2969772.382
8/3/2020 0:00,LTC/USD,56.7,60,55.7,58.453,3886216.92
8/2/2020 0:00,LTC/USD,61.602,65.081,51.423,56.663,11925349.79
8/1/2020 0:00,LTC/USD,58.267,62.171,57.571,61.636,6580918.999
7/31/2020 0:00,LTC/USD,56.83,59.25,55.938,58.226,2567442.067
7/30/2020 0:00,LTC/USD,55.234,58.693,54.025,56.82,3969146.775
7/29/2020 0:00,LTC/USD,55.901,57.182,54.85,55.234,3296159.008
7/28/2020 0:00,LTC/USD,53.321,58.165,51.818,55.9,7001135.165
7/27/2020 0:00,LTC/USD,48.17,55.936,46.927,53.321,8995459.292
7/26/2020 0:00,LTC/USD,49.204,50.938,47.642,48.169,3932811.897
7/25/2020 0:00,LTC/USD,44.238,49.612,44.15,49.204,5427363.996
7/24/2020 0:00,LTC/USD,44.969,45.011,44.012,44.251,749838.7894
7/23/2020 0:00,LTC/USD,45.112,45.853,44.596,44.989,1347586.777
7/22/2020 0:00,LTC/USD,43.84,45.197,43.293,45.134,807415.6685
7/21/2020 0:00,LTC/USD,42.01,44.152,41.96,43.821,1248378.486
7/20/2020 0:00,LTC/USD,42.741,42.849,41.477,42.019,585752.6166
7/19/2020 0:00,LTC/USD,42.514,43.002,41.9,42.74,460997.3878
7/18/2020 0:00,LTC/USD,41.99,42.93,41.79,42.51,361660.92
7/17/2020 0:00,LTC/USD,42.1,42.5,41.79,41.99,531685.03
7/16/2020 0:00,LTC/USD,43.42,43.51,40.9,42.1,1636169.24
7/15/2020 0:00,LTC/USD,43.93,44.07,42.95,43.42,329634.24
7/14/2020 0:00,LTC/USD,43.98,44.07,42.94,43.93,760533.51
7/13/2020 0:00,LTC/USD,44.8,45.68,42.62,43.98,1508520.18
7/12/2020 0:00,LTC/USD,44.68,45.35,43.76,44.8,1025942.81
7/11/2020 0:00,LTC/USD,44.34,44.78,43.91,44.68,307018.31
7/10/2020 0:00,LTC/USD,44.44,44.68,43.55,44.34,570194.69
7/9/2020 0:00,LTC/USD,45.37,45.93,43.64,44.44,1690327.33
7/8/2020 0:00,LTC/USD,43.45,45.68,43.21,45.37,1900307.1
7/7/2020 0:00,LTC/USD,44.13,44.52,43.12,43.45,740594.64
7/6/2020 0:00,LTC/USD,41.66,44.33,41.56,44.13,1183765.36
7/5/2020 0:00,LTC/USD,42.16,42.28,40.82,41.66,493861.5
7/4/2020 0:00,LTC/USD,41.17,42.25,41.11,42.16,623301.87
7/3/2020 0:00,LTC/USD,41.07,41.72,40.94,41.17,423794.76
7/2/2020 0:00,LTC/USD,41.8,41.93,40.38,41.07,895675.86
7/1/2020 0:00,LTC/USD,41.19,42.05,41.03,41.8,480165.24
6/30/2020 0:00,LTC/USD,41.86,42.1,40.77,41.18,364683.11
6/29/2020 0:00,LTC/USD,41.43,42.31,40.61,41.86,1689234.84
6/28/2020 0:00,LTC/USD,41.08,42.09,40.46,41.42,467685.76
6/27/2020 0:00,LTC/USD,43.12,43.16,39.16,41.08,1837417.05
6/26/2020 0:00,LTC/USD,42.37,43.6,41.41,43.12,1177522.23
6/25/2020 0:00,LTC/USD,42.63,43,41.66,42.37,753645.07
6/24/2020 0:00,LTC/USD,44.23,44.75,42.17,42.68,1619129.53
6/23/2020 0:00,LTC/USD,44.39,44.51,43.88,44.23,468140.26
6/22/2020 0:00,LTC/USD,43.01,44.7,43,44.39,1175919.26
6/21/2020 0:00,LTC/USD,43.66,43.85,42.95,43.01,301977.46
6/20/2020 0:00,LTC/USD,42.86,43.85,42.32,43.66,602920.6
6/19/2020 0:00,LTC/USD,43.48,43.7,42.66,42.86,791377.71
6/18/2020 0:00,LTC/USD,44.08,44.23,42.94,43.48,499486.1
6/17/2020 0:00,LTC/USD,43.9,45.05,43.07,44.08,1485416.55
6/16/2020 0:00,LTC/USD,43.78,44.23,43.33,43.9,753388.14
6/15/2020 0:00,LTC/USD,44.09,44.11,41.84,43.78,1514723.61
6/14/2020 0:00,LTC/USD,45.09,45.14,43.52,44.09,484785.31
6/13/2020 0:00,LTC/USD,44.75,45.21,44.22,45.09,521498.87
6/12/2020 0:00,LTC/USD,43.19,45.28,42.78,44.75,1839615.18
6/11/2020 0:00,LTC/USD,46.71,47.01,41.98,43.19,2501272.91
6/10/2020 0:00,LTC/USD,45.9,47.2,45.76,46.71,1015837.44
6/9/2020 0:00,LTC/USD,46.47,46.86,45.39,45.84,845354.86
6/8/2020 0:00,LTC/USD,46.66,46.76,46,46.47,394311.88
6/7/2020 0:00,LTC/USD,46.71,47.21,44.93,46.66,1054578.23
6/6/2020 0:00,LTC/USD,46.89,47.2,46.11,46.71,482338.12
6/5/2020 0:00,LTC/USD,47.53,48,46.5,46.89,619326.84
6/4/2020 0:00,LTC/USD,47.14,48.1,46.29,47.53,1068021.8
6/3/2020 0:00,LTC/USD,46,47.47,45.21,47.14,1420849.71
6/2/2020 0:00,LTC/USD,48.33,50.13,44.46,46,5792853.33
6/1/2020 0:00,LTC/USD,45.62,48.86,45.38,48.33,1402971.26
5/31/2020 0:00,LTC/USD,47.75,47.82,44.92,45.62,1798209.56
5/30/2020 0:00,LTC/USD,44.5,48.2,44.2,47.75,1825708.79
5/29/2020 0:00,LTC/USD,44.74,45.31,44.2,44.5,578800.36
5/28/2020 0:00,LTC/USD,43.92,44.92,43.13,44.74,800039.76
5/27/2020 0:00,LTC/USD,42.33,44.05,42.28,43.91,673998.05
5/26/2020 0:00,LTC/USD,42.9,43.09,41.77,42.33,519544.68
5/25/2020 0:00,LTC/USD,42.04,43.3,41.71,42.9,519220.57
5/24/2020 0:00,LTC/USD,43.85,44.58,42.04,42.04,783734.87
5/23/2020 0:00,LTC/USD,44.18,44.7,43.67,43.85,401126.97
5/22/2020 0:00,LTC/USD,42.68,44.64,42.31,44.18,1365272.41
5/21/2020 0:00,LTC/USD,44.17,44.58,41.61,42.68,1319635.26
5/20/2020 0:00,LTC/USD,45.78,46.13,42.97,44.17,1570202.5
5/19/2020 0:00,LTC/USD,45.26,45.79,44.02,45.78,1091638.24
5/18/2020 0:00,LTC/USD,43.65,46.68,43.62,45.26,2098153.69
5/17/2020 0:00,LTC/USD,43.27,44.53,43.13,43.65,1004812.66
5/16/2020 0:00,LTC/USD,42.72,43.93,42.5,43.27,741069.41
5/15/2020 0:00,LTC/USD,44.03,44.14,41.71,42.72,1309657.23
5/14/2020 0:00,LTC/USD,43.27,44.35,42.21,44.03,2179863.8
5/13/2020 0:00,LTC/USD,42.18,43.74,41.93,43.27,1262595.21
5/12/2020 0:00,LTC/USD,41.51,42.9,41.22,42.18,1123172.44
5/11/2020 0:00,LTC/USD,42.09,42.86,39.28,41.51,2451979.16
5/10/2020 0:00,LTC/USD,46.94,47,39.01,42.09,5407287.82
5/9/2020 0:00,LTC/USD,47.75,49.24,46.77,46.94,1801841.44
5/8/2020 0:00,LTC/USD,47.36,48.5,46.37,47.75,2171972.16
5/7/2020 0:00,LTC/USD,44.9,48.26,44.28,47.36,2119851.05
5/6/2020 0:00,LTC/USD,46.43,47.66,44.57,44.9,1413280.61
5/5/2020 0:00,LTC/USD,47,47.78,45.58,46.43,1159325.71
5/4/2020 0:00,LTC/USD,48.03,48.27,45.13,47,2775308.54
5/3/2020 0:00,LTC/USD,49.21,50,46.6,48.03,1819038.19
5/2/2020 0:00,LTC/USD,47.1,49.6,46.7,49.21,1898842.35
5/1/2020 0:00,LTC/USD,46.39,48.36,46.37,47.1,979060.24
4/30/2020 0:00,LTC/USD,48.79,50.74,45.67,46.39,5246828.46
4/29/2020 0:00,LTC/USD,45.76,50.08,45.59,48.79,5577334.27
4/28/2020 0:00,LTC/USD,44.46,46.12,43.4,45.78,1468737.64
4/27/2020 0:00,LTC/USD,44.58,45.2,43.16,44.46,1343569.08
4/26/2020 0:00,LTC/USD,44.41,45.36,43.78,44.58,1338075.48
4/25/2020 0:00,LTC/USD,44.47,45.64,43.91,44.41,1667671.12
4/24/2020 0:00,LTC/USD,43.08,45.11,42.96,44.47,2531895.29
4/23/2020 0:00,LTC/USD,41.91,44.18,41.01,43.08,1851795.53
4/22/2020 0:00,LTC/USD,40.62,42.46,40.31,41.91,1074589.69
4/21/2020 0:00,LTC/USD,40.33,41.38,40.12,40.67,838067.33
4/20/2020 0:00,LTC/USD,42.3,43.38,39.57,40.33,1738003.99
4/19/2020 0:00,LTC/USD,44.18,44.45,41.42,42.3,1527801.85
4/18/2020 0:00,LTC/USD,42.28,44.56,42.1,44.18,1020568.79
4/17/2020 0:00,LTC/USD,42.58,43.09,41.68,42.28,750238.47
4/16/2020 0:00,LTC/USD,39.3,44.19,37.94,42.58,3027577.77
4/15/2020 0:00,LTC/USD,41.22,41.78,39.16,39.3,881840.62
4/14/2020 0:00,LTC/USD,41.25,41.92,40.56,41.23,875253.51
4/13/2020 0:00,LTC/USD,42.11,42.11,39.5,41.25,2141732.6
4/12/2020 0:00,LTC/USD,42.57,43.82,41.91,42.11,1254518.81
4/11/2020 0:00,LTC/USD,42.29,43.21,41.5,42.57,814122.11
4/10/2020 0:00,LTC/USD,46.38,46.46,40.9,42.29,4031838.17
4/9/2020 0:00,LTC/USD,46.58,46.87,44.74,46.38,1691937.96
4/8/2020 0:00,LTC/USD,44.89,47.25,44.36,46.58,1530444.34
4/7/2020 0:00,LTC/USD,45.16,47.69,43.76,44.89,2983236.53
4/6/2020 0:00,LTC/USD,40.39,45.16,40.3,45.16,2351770.38
4/5/2020 0:00,LTC/USD,40.88,41.14,39.97,40.39,439014
4/4/2020 0:00,LTC/USD,40.54,41.31,40,40.87,700688.2
4/3/2020 0:00,LTC/USD,40.02,41.34,39.75,40.54,1242344.46
4/2/2020 0:00,LTC/USD,39.4,43.35,39.25,40.02,3868970.21
4/1/2020 0:00,LTC/USD,39.17,39.71,37.17,39.4,1272920.25
3/31/2020 0:00,LTC/USD,38.96,39.45,38.45,39.17,659250.24
3/30/2020 0:00,LTC/USD,37.25,39.8,37.2,38.96,1221518.95
3/29/2020 0:00,LTC/USD,38.91,39.21,37.1,37.25,1259241.08
3/28/2020 0:00,LTC/USD,38,39.59,36.65,38.98,1983989.38
3/27/2020 0:00,LTC/USD,40.5,41.39,37.67,38,2076234.56
3/26/2020 0:00,LTC/USD,39.26,40.57,38.51,40.5,1208692.01
3/25/2020 0:00,LTC/USD,40.72,41.23,38.02,39.26,1968840.33
3/24/2020 0:00,LTC/USD,39.05,41.14,38.37,40.72,1915619.3
3/23/2020 0:00,LTC/USD,35.44,40.16,34.59,39.05,2897531.43
3/22/2020 0:00,LTC/USD,38.46,39.75,34.83,35.44,2441997.77
3/21/2020 0:00,LTC/USD,38.09,39.9,36.28,38.44,1684848.34
3/20/2020 0:00,LTC/USD,39.03,43.8,33.91,38.09,7464336.87
3/19/2020 0:00,LTC/USD,34.85,40.96,34.07,39.03,5103578.69
3/18/2020 0:00,LTC/USD,34.22,34.93,32.42,34.85,1770784.63
3/17/2020 0:00,LTC/USD,33.48,36.25,32.65,34.22,2986549.69
3/16/2020 0:00,LTC/USD,36.58,36.58,29.34,33.48,5288855.83
3/15/2020 0:00,LTC/USD,34.62,39.17,34.34,36.58,3657972.03
3/14/2020 0:00,LTC/USD,37.74,37.97,34.04,34.67,3775128.12
3/13/2020 0:00,LTC/USD,30.14,40.64,24.85,37.85,14205756.4
3/12/2020 0:00,LTC/USD,48.81,49.01,28.4,30.14,24004905.47
3/11/2020 0:00,LTC/USD,50.23,50.93,45.7,48.81,3042314.41
3/10/2020 0:00,LTC/USD,50.68,51.6,49.1,50.23,2659892.63
3/9/2020 0:00,LTC/USD,51.2,52.48,46.8,50.68,7447261.79
3/8/2020 0:00,LTC/USD,60.72,60.72,50.77,51.2,7177386.36
3/7/2020 0:00,LTC/USD,63.5,64.11,60.23,60.72,2280014.97
3/6/2020 0:00,LTC/USD,62.32,63.99,61.46,63.5,1320543.3
3/5/2020 0:00,LTC/USD,60.5,63.5,60.5,62.32,2325065.85
3/4/2020 0:00,LTC/USD,61.16,62,59.08,60.5,1352964.36
3/3/2020 0:00,LTC/USD,61.54,62.62,59.73,61.16,2322492.86
3/2/2020 0:00,LTC/USD,57.94,62.47,57.42,61.54,3043829.28
3/1/2020 0:00,LTC/USD,58.29,60.5,56.34,57.94,2864666.45
2/29/2020 0:00,LTC/USD,60.17,61.76,58.11,58.29,1981113.43
2/28/2020 0:00,LTC/USD,61.77,63.41,56.7,60.16,5652625.38
2/27/2020 0:00,LTC/USD,60.6,65.04,57.27,61.77,5579500.9
2/26/2020 0:00,LTC/USD,71.04,72.25,57.47,60.6,9340271.85
2/25/2020 0:00,LTC/USD,75.68,76.32,69.5,71.04,6644197.49
2/24/2020 0:00,LTC/USD,79.82,80.06,71.7,75.68,7227630.9
2/23/2020 0:00,LTC/USD,74.85,80.27,74.85,79.82,5979329.31
2/22/2020 0:00,LTC/USD,73.36,76.77,72.42,74.85,4999814.67
2/21/2020 0:00,LTC/USD,69.52,75.25,68.65,73.27,5167898.79
2/20/2020 0:00,LTC/USD,70.63,72.4,65.39,69.52,6304162.71
2/19/2020 0:00,LTC/USD,77.15,80.32,67,70.63,7848021.91
2/18/2020 0:00,LTC/USD,73.44,79.14,70.29,77.15,3850574.59
2/17/2020 0:00,LTC/USD,74.8,75.53,68.67,73.44,3644670.13
2/16/2020 0:00,LTC/USD,76.72,80.53,67.66,74.8,11807932.66
2/15/2020 0:00,LTC/USD,83.02,83.39,75.12,76.72,6171115.09
2/14/2020 0:00,LTC/USD,80.44,83.87,78.41,82.92,4280131.09
2/13/2020 0:00,LTC/USD,81.1,84.19,77.07,80.44,9712453.72
2/12/2020 0:00,LTC/USD,76.7,82.67,76.63,81.1,6625861.42
2/11/2020 0:00,LTC/USD,74.06,77.44,72.63,76.7,2904141.29
2/10/2020 0:00,LTC/USD,76.89,77.27,72.2,74.06,3951322.5
2/9/2020 0:00,LTC/USD,76.49,78.32,75,76.89,3132757.37
2/8/2020 0:00,LTC/USD,74.21,77.88,71.5,76.49,4504319.88
2/7/2020 0:00,LTC/USD,73.42,75.36,72.64,74.21,3017991.53
2/6/2020 0:00,LTC/USD,72.53,75,71.04,73.42,6070536.68
2/5/2020 0:00,LTC/USD,68.11,73.52,67.73,72.53,4770444.86
2/4/2020 0:00,LTC/USD,69.82,70.58,66.77,68.11,2720537.92
2/3/2020 0:00,LTC/USD,70.03,73.17,68.52,69.82,5758936.23
2/2/2020 0:00,LTC/USD,70.89,73.7,67.72,70.03,7413203.65
2/1/2020 0:00,LTC/USD,68.1,72.94,67.72,70.89,4865976.48
1/31/2020 0:00,LTC/USD,67.87,70.01,65.5,68.1,5300396.16
1/30/2020 0:00,LTC/USD,59.77,70,58.32,67.87,8109386.58
1/29/2020 0:00,LTC/USD,60.67,62.5,59.41,59.77,2957422.68
1/28/2020 0:00,LTC/USD,58.64,61.62,57.42,60.67,3742996.38
1/27/2020 0:00,LTC/USD,56.32,59.65,56,58.64,2662629.02
1/26/2020 0:00,LTC/USD,53.22,56.78,52.9,56.32,1393527.26
1/25/2020 0:00,LTC/USD,54.39,54.39,52.19,53.22,1934324.46
1/24/2020 0:00,LTC/USD,54.49,55.44,50.74,54.39,3240120.74
1/23/2020 0:00,LTC/USD,58.2,58.24,52.27,54.49,3408625.51
1/22/2020 0:00,LTC/USD,57.71,59.2,57.14,58.2,1245318.64
1/21/2020 0:00,LTC/USD,57.09,58.08,55.73,57.71,1368422.4
1/20/2020 0:00,LTC/USD,57.69,58.28,55.76,57.09,1415007.36
1/19/2020 0:00,LTC/USD,59.17,62.4,55.14,57.69,3945316.22
1/18/2020 0:00,LTC/USD,60.8,62.33,57.81,59.17,4508454.18
1/17/2020 0:00,LTC/USD,57.69,63.17,56.67,60.8,6490512.62
1/16/2020 0:00,LTC/USD,58.09,58.42,54.66,57.69,2767381.9
1/15/2020 0:00,LTC/USD,58.11,60.17,55.25,58.09,5889644.05
1/14/2020 0:00,LTC/USD,49.67,60.48,49.6,58.11,14340549.02
1/13/2020 0:00,LTC/USD,51.53,51.59,48.87,49.67,3104901.28
1/12/2020 0:00,LTC/USD,49.32,51.65,48.78,51.53,3145684.12
1/11/2020 0:00,LTC/USD,49.01,51.76,47.67,49.28,4620777.58
1/10/2020 0:00,LTC/USD,44.89,49.46,43.78,49.01,6099850.68
1/9/2020 0:00,LTC/USD,45.29,45.73,43.82,44.89,1387888.06
1/8/2020 0:00,LTC/USD,46.36,48.6,43.95,45.29,4192410.62
1/7/2020 0:00,LTC/USD,45.8,47,44.54,46.36,3494440.49
1/6/2020 0:00,LTC/USD,43.34,46.16,43.23,45.8,2305173.5
1/5/2020 0:00,LTC/USD,42.9,44.72,42.73,43.34,1256776.02
1/4/2020 0:00,LTC/USD,42.36,43.07,41.97,42.93,742442.03
1/3/2020 0:00,LTC/USD,39.55,42.58,38.96,42.36,2070791
1/2/2020 0:00,LTC/USD,41.68,41.83,39.28,39.55,1455672.62
1/1/2020 0:00,LTC/USD,41.4,42.21,41.21,41.68,360164.6
12/31/2019 0:00,LTC/USD,42.48,43.18,41.02,41.4,1056049.3
12/30/2019 0:00,LTC/USD,43.28,44.27,41.92,42.48,682722.56
12/29/2019 0:00,LTC/USD,42.93,43.98,42.35,43.28,1088689.98
12/28/2019 0:00,LTC/USD,41.19,43.88,41.13,42.97,1285806.03
12/27/2019 0:00,LTC/USD,40.21,41.54,39.71,41.19,753955.48
12/26/2019 0:00,LTC/USD,40.15,41.89,39.71,40.21,768420.46
12/25/2019 0:00,LTC/USD,40.4,40.6,39.49,40.15,639605.17
12/24/2019 0:00,LTC/USD,40.8,41.21,39.81,40.4,881719.91
12/23/2019 0:00,LTC/USD,42.05,42.77,40.36,40.8,1752171.1
12/22/2019 0:00,LTC/USD,39.83,42.35,39.81,42.05,1443993.22
12/21/2019 0:00,LTC/USD,40.26,40.37,39.61,39.85,251261.29
12/20/2019 0:00,LTC/USD,39.92,40.64,39.46,40.26,497357.07
12/19/2019 0:00,LTC/USD,41.03,41.31,39.33,39.92,1051218.02
12/18/2019 0:00,LTC/USD,37.21,41.86,36.1,41.03,3216588.12
12/17/2019 0:00,LTC/USD,40.11,40.38,36.42,37.21,3435445.55
12/16/2019 0:00,LTC/USD,43.67,43.69,39.1,40.11,3646075.26
12/15/2019 0:00,LTC/USD,43.51,44.25,43.09,43.67,596063.6
12/14/2019 0:00,LTC/USD,44.63,44.89,43.44,43.51,812068.35
12/13/2019 0:00,LTC/USD,43.86,44.84,43.66,44.63,1256099.66
12/12/2019 0:00,LTC/USD,43.79,44.27,43.04,43.86,1321138.37
12/11/2019 0:00,LTC/USD,44.37,44.61,43.37,43.79,562949.1
12/10/2019 0:00,LTC/USD,44.7,44.86,43.81,44.37,592274.41
12/9/2019 0:00,LTC/USD,45.87,46.16,44.25,44.7,1413367.52
12/8/2019 0:00,LTC/USD,45.4,46.54,45.09,45.87,496503.23
12/7/2019 0:00,LTC/USD,45.67,46.78,45.32,45.4,928233.09
12/6/2019 0:00,LTC/USD,45.09,45.82,44.32,45.67,1459355.34
12/5/2019 0:00,LTC/USD,44.93,45.5,43.93,45.12,1366471.76
12/4/2019 0:00,LTC/USD,45.03,47.52,44.03,44.93,3904052.96
12/3/2019 0:00,LTC/USD,45.82,46.48,44.58,45.03,1677157.57
12/2/2019 0:00,LTC/USD,47.78,47.94,45.02,45.82,1462635.76
12/1/2019 0:00,LTC/USD,47.51,48.69,45.82,47.78,1018512.39
11/30/2019 0:00,LTC/USD,48.98,49.03,46.95,47.51,1330149.23
11/29/2019 0:00,LTC/USD,47.01,49.68,47,48.98,1467005.76
11/28/2019 0:00,LTC/USD,47.92,48.22,46.51,47,828984.88
11/27/2019 0:00,LTC/USD,47.18,48.86,44.95,47.92,2052491.37
11/26/2019 0:00,LTC/USD,45.77,47.85,45.57,47.18,1184129.22
11/25/2019 0:00,LTC/USD,44.24,47.76,42.66,45.77,5121808.46
11/24/2019 0:00,LTC/USD,48.41,48.5,43.77,44.24,2698919.2
11/23/2019 0:00,LTC/USD,47.68,48.84,46.53,48.41,1101302.95
11/22/2019 0:00,LTC/USD,50.93,52.01,43.8,47.68,5621926.76
11/21/2019 0:00,LTC/USD,55.18,55.42,48.5,50.95,3512702.52
11/20/2019 0:00,LTC/USD,55.3,56.32,54.77,55.18,790127.69
11/19/2019 0:00,LTC/USD,55.99,56.5,54.48,55.3,1355845.79
11/18/2019 0:00,LTC/USD,59.39,59.49,54.08,55.99,4490400.8
11/17/2019 0:00,LTC/USD,58.46,60.24,57.82,59.39,1278685.24
11/16/2019 0:00,LTC/USD,57.72,59,57.29,58.46,1530132.25
11/15/2019 0:00,LTC/USD,59.05,60.86,56.28,57.72,2974227.76
11/14/2019 0:00,LTC/USD,61.12,61.2,58.47,59.03,1529686.3
11/13/2019 0:00,LTC/USD,61.35,62.13,60.33,61.12,888524.42
11/12/2019 0:00,LTC/USD,61.91,62.32,59.74,61.35,1883368.01
11/11/2019 0:00,LTC/USD,63.83,64.51,60.32,61.91,2910284.23
11/10/2019 0:00,LTC/USD,62.13,66.76,60.95,63.83,8472775.21
11/9/2019 0:00,LTC/USD,60.42,62.38,60.27,62.13,1247921.8
11/8/2019 0:00,LTC/USD,61.5,62.5,58.83,60.42,2701055.86
11/7/2019 0:00,LTC/USD,64.24,64.4,60.3,61.42,3436381.23
11/6/2019 0:00,LTC/USD,63.39,64.4,62.74,64.24,1928723.06
11/5/2019 0:00,LTC/USD,61.69,64.35,61.1,63.39,3591127.37
11/4/2019 0:00,LTC/USD,58.54,62.98,58.11,61.69,4630254.55
11/3/2019 0:00,LTC/USD,58.55,59.04,57.41,58.54,792006.37
11/2/2019 0:00,LTC/USD,58.57,59.56,58.04,58.55,937788.08
11/1/2019 0:00,LTC/USD,58.47,59.12,56.91,58.57,1256306.83
10/31/2019 0:00,LTC/USD,58.16,59.87,57.26,58.56,1346032.71
10/30/2019 0:00,LTC/USD,59.94,61.29,57.15,58.16,2797576.69
10/29/2019 0:00,LTC/USD,57.89,61.07,57.89,59.94,4661066.59
10/28/2019 0:00,LTC/USD,60.04,62.79,57.67,57.89,4966770.12
10/27/2019 0:00,LTC/USD,57,62.94,55.9,60.04,5988597.15
10/26/2019 0:00,LTC/USD,57.2,64.09,54.3,57,8650993.77
10/25/2019 0:00,LTC/USD,49.79,59.82,49.26,57.2,6442920
10/24/2019 0:00,LTC/USD,49.62,50.58,48.53,49.79,2750265.35
10/23/2019 0:00,LTC/USD,53.61,53.63,47.16,49.62,6595127.41
10/22/2019 0:00,LTC/USD,54.93,55.29,53.22,53.61,700904.6
10/21/2019 0:00,LTC/USD,55.13,55.93,53.99,54.93,838774.98
10/20/2019 0:00,LTC/USD,54.06,55.83,52.91,55.13,1113291.75
10/19/2019 0:00,LTC/USD,53.51,54.43,52.74,54.06,666705.31
10/18/2019 0:00,LTC/USD,55.08,55.13,52.39,53.51,1309562.99
10/17/2019 0:00,LTC/USD,52.64,55.38,51.74,55.08,1445601.33
10/16/2019 0:00,LTC/USD,54.75,55.47,51.27,52.64,2893091.57
10/15/2019 0:00,LTC/USD,57.05,57.6,53.5,54.75,3090757.22
10/14/2019 0:00,LTC/USD,56.61,57.25,56.14,57.05,856209.92
10/13/2019 0:00,LTC/USD,55.84,57.86,55.68,56.61,1114850.64
10/12/2019 0:00,LTC/USD,56,56.72,55.63,55.84,417428.71
10/11/2019 0:00,LTC/USD,57.8,58.71,55.62,56,3294236.14
10/10/2019 0:00,LTC/USD,59.5,59.57,57.35,57.8,1429928.51
10/9/2019 0:00,LTC/USD,57.27,60.2,56.86,59.5,2486287.25
10/8/2019 0:00,LTC/USD,57.72,58.69,56.78,57.27,1288199.31
10/7/2019 0:00,LTC/USD,54.6,58.98,53.15,57.72,4923016.03
10/6/2019 0:00,LTC/USD,56.89,57.05,53.11,54.6,4501437.8
10/5/2019 0:00,LTC/USD,56.5,57.67,55.78,56.89,1456229.76
10/4/2019 0:00,LTC/USD,56.47,57.77,55.46,56.5,2552271.48
10/3/2019 0:00,LTC/USD,56.63,57.1,53.72,56.47,2900025.92
10/2/2019 0:00,LTC/USD,55.81,56.91,55.32,56.63,1181960.17
10/1/2019 0:00,LTC/USD,56.33,57.82,55.12,55.81,2685039.72
9/30/2019 0:00,LTC/USD,54.09,56.74,52.76,56.33,4976150.19
9/29/2019 0:00,LTC/USD,55.6,55.8,52.18,54.09,4341405.91
9/28/2019 0:00,LTC/USD,55.98,56.4,54.02,55.6,4142545.56
9/27/2019 0:00,LTC/USD,55.41,56.88,52.87,55.98,2715532.81
9/26/2019 0:00,LTC/USD,57.64,57.7,50.5,55.41,8593595.96
9/25/2019 0:00,LTC/USD,54.72,58.61,53,57.64,7681491.1
9/24/2019 0:00,LTC/USD,66.4,67.33,54.36,54.72,15751077.45
9/23/2019 0:00,LTC/USD,72.31,75.1,61.74,66.4,11167480.17
9/22/2019 0:00,LTC/USD,73.39,73.43,71.2,72.31,3246592.11
9/21/2019 0:00,LTC/USD,75.3,75.78,72,73.39,2092936.18
9/20/2019 0:00,LTC/USD,77.03,77.45,73.12,75.3,3690867.4
9/19/2019 0:00,LTC/USD,77.94,77.96,72.82,77.03,6341152.2
9/18/2019 0:00,LTC/USD,74.4,80.45,74.28,77.94,4908126.54
9/17/2019 0:00,LTC/USD,72.94,78.09,72.4,74.4,5708287.91
9/16/2019 0:00,LTC/USD,70.32,74.39,69.7,72.94,5812878.49
9/15/2019 0:00,LTC/USD,70.79,71.5,70,70.32,3429850.39
9/14/2019 0:00,LTC/USD,69.25,71.65,68.5,70.79,2741909.37
9/13/2019 0:00,LTC/USD,69.42,69.8,67.25,69.25,2242377.79
9/12/2019 0:00,LTC/USD,70.03,70.24,68.6,69.42,1762121.9
9/11/2019 0:00,LTC/USD,70.9,71.84,68.46,70.03,3488003.89
9/10/2019 0:00,LTC/USD,70.05,73.3,69.95,70.9,4608225.6
9/9/2019 0:00,LTC/USD,70.62,71.78,68.1,70.05,3826536.96
9/8/2019 0:00,LTC/USD,69.03,72.94,68.23,70.62,7672946.65
9/7/2019 0:00,LTC/USD,65.08,70.7,64.67,69.03,5857339.08
9/6/2019 0:00,LTC/USD,65.29,68.13,63.9,65.08,4463519
9/5/2019 0:00,LTC/USD,67.23,67.59,64.24,65.29,7318874.4
9/4/2019 0:00,LTC/USD,69.32,69.51,66.68,67.23,7521030.13
9/3/2019 0:00,LTC/USD,67.22,71.24,66.67,69.32,6012486.03
9/2/2019 0:00,LTC/USD,66.16,68.26,64.97,67.22,3607522.44
9/1/2019 0:00,LTC/USD,64.55,67.49,64.05,66.16,4609147.43
8/31/2019 0:00,LTC/USD,64.38,65.51,62.28,64.55,2320677.53
8/30/2019 0:00,LTC/USD,63.64,65.83,62.27,64.38,2397926.79
8/29/2019 0:00,LTC/USD,66.9,66.9,62.2,63.64,4051069.87
8/28/2019 0:00,LTC/USD,72.9,73.21,64.5,66.9,8769849.83
8/27/2019 0:00,LTC/USD,73.68,73.76,72.15,72.9,2071054.17
8/26/2019 0:00,LTC/USD,72.09,75.53,72.09,73.68,3531012.69
8/25/2019 0:00,LTC/USD,73.29,74.94,70.7,72.09,3153208.29
8/24/2019 0:00,LTC/USD,75.59,75.79,71.53,73.29,2440545.68
8/23/2019 0:00,LTC/USD,73.56,76,72.5,75.59,4169827.42
8/22/2019 0:00,LTC/USD,73.16,74.69,71.14,73.56,2557418.11
8/21/2019 0:00,LTC/USD,75.29,75.55,70.13,73.16,5574757.19
8/20/2019 0:00,LTC/USD,77.22,77.49,73.5,75.29,2186751.15
8/19/2019 0:00,LTC/USD,76.49,79.28,75.68,77.22,5443219.45
8/18/2019 0:00,LTC/USD,72.81,78.23,71.56,76.49,6236281.31
8/17/2019 0:00,LTC/USD,74.97,75.57,71.61,72.81,3519020.7
8/16/2019 0:00,LTC/USD,76.42,76.55,72.3,74.97,4932674.96
8/15/2019 0:00,LTC/USD,76.05,77.73,71.15,76.42,6595784.47
8/14/2019 0:00,LTC/USD,84.73,86.43,75.09,76.05,8824119.59
8/13/2019 0:00,LTC/USD,85.92,86.87,83.24,84.73,4704584.25
8/12/2019 0:00,LTC/USD,90.09,90.13,85.55,85.92,4627050.75
8/11/2019 0:00,LTC/USD,85.42,91.56,85.2,90.09,5324640.2
8/10/2019 0:00,LTC/USD,84.43,87.76,82,85.42,7466327.07
8/9/2019 0:00,LTC/USD,90.58,90.7,82.68,84.43,6953848.06
8/8/2019 0:00,LTC/USD,90.7,92.83,87.96,90.58,4193441.59
8/7/2019 0:00,LTC/USD,93.07,94.5,87.28,90.7,9051171.21
8/6/2019 0:00,LTC/USD,96.59,99.28,91.01,93.07,8455844.81
8/5/2019 0:00,LTC/USD,93.03,107.11,92.98,96.59,24642261.49
8/4/2019 0:00,LTC/USD,94.2,94.88,90.49,93.03,7012746.22
8/3/2019 0:00,LTC/USD,94.73,96.87,93.53,94.2,4698210.66
8/2/2019 0:00,LTC/USD,98.84,99.05,92.57,94.73,7145097.16
8/1/2019 0:00,LTC/USD,98.86,100.86,95.83,98.84,8077041.26
7/31/2019 0:00,LTC/USD,90.29,99.88,90,98.86,8264815.75
7/30/2019 0:00,LTC/USD,90.41,92.84,88.36,90.29,3777439.15
7/29/2019 0:00,LTC/USD,89.93,92.15,87.2,90.41,5001658.32
7/28/2019 0:00,LTC/USD,88.63,90.96,83.34,89.93,6861421.11
7/27/2019 0:00,LTC/USD,94.24,96.6,86.13,88.63,9208560.93
7/26/2019 0:00,LTC/USD,93.29,94.73,90.24,94.24,5272465.78
7/25/2019 0:00,LTC/USD,94.46,96.7,91.58,93.29,5294112.08
7/24/2019 0:00,LTC/USD,90.2,97.38,86.89,94.46,12552768.29
7/23/2019 0:00,LTC/USD,95.27,95.27,88.44,90.2,8399634.55
7/22/2019 0:00,LTC/USD,99.5,100.89,90.94,95.27,13761626.43
7/21/2019 0:00,LTC/USD,100.38,101.3,96.18,99.5,6558226.04
7/20/2019 0:00,LTC/USD,98.51,105.88,97.46,100.38,11702077.39
7/19/2019 0:00,LTC/USD,101.15,101.38,94.78,98.51,13415032.8
7/18/2019 0:00,LTC/USD,90.12,104.48,87.1,101.15,24607557.42
7/17/2019 0:00,LTC/USD,79.53,94.59,76.8,90.12,29988625.1
7/16/2019 0:00,LTC/USD,90.1,91.59,75.89,79.53,18788349.82
7/15/2019 0:00,LTC/USD,89.87,92.79,84.84,90.1,15138653.08
7/14/2019 0:00,LTC/USD,100.7,101.5,87.51,89.87,19163762.74
7/13/2019 0:00,LTC/USD,104.88,105.1,97.27,100.7,9844471.02
7/12/2019 0:00,LTC/USD,103.01,107.25,100.75,104.88,7061650.99
7/11/2019 0:00,LTC/USD,108.25,108.25,94.31,103.01,19849703.97
7/10/2019 0:00,LTC/USD,119.54,120.35,102.04,108.25,26137904.84
7/9/2019 0:00,LTC/USD,123.43,124.03,117.6,119.54,9467658.81
7/8/2019 0:00,LTC/USD,120.3,125.6,118.51,123.43,7355031.14
7/7/2019 0:00,LTC/USD,118.57,121.21,117.5,120.3,3602369.43
7/6/2019 0:00,LTC/USD,118.67,122.37,117.12,118.57,6284260.84
7/5/2019 0:00,LTC/USD,119.71,120.92,116.94,118.67,5354757.23
7/4/2019 0:00,LTC/USD,122.02,127,119.02,119.71,14738435.5
7/3/2019 0:00,LTC/USD,119.28,123.23,116.92,122.02,10815094.48
7/2/2019 0:00,LTC/USD,123.47,124.26,112.67,119.28,11899709.85
7/1/2019 0:00,LTC/USD,122.61,126.78,114.18,123.47,16063288.57
6/30/2019 0:00,LTC/USD,134.03,137.89,120.17,122.61,26753910.9
6/29/2019 0:00,LTC/USD,119.3,136.03,115.22,134.03,29747934.59
6/28/2019 0:00,LTC/USD,114.63,121.58,112.8,119.3,14467634.41
6/27/2019 0:00,LTC/USD,130.01,131.5,110.68,114.63,41098343.88
6/26/2019 0:00,LTC/USD,135.5,137.48,124.56,130.01,38262437.47
6/25/2019 0:00,LTC/USD,135.72,137.97,128.62,135.5,22933755.55
6/24/2019 0:00,LTC/USD,137.46,137.5,132.63,135.72,21199402.36
6/23/2019 0:00,LTC/USD,142.55,143.89,135.76,137.46,19187408.07
6/22/2019 0:00,LTC/USD,139.19,146.95,137.5,142.55,45693082.5
6/21/2019 0:00,LTC/USD,135.98,142.22,135.01,139.19,27839377.16
6/20/2019 0:00,LTC/USD,137.02,137.37,133.54,135.98,12535623.14
6/19/2019 0:00,LTC/USD,135.26,140.02,133.87,137.02,18882904.51
6/18/2019 0:00,LTC/USD,134.37,136.92,129.03,135.26,26660013.79
6/17/2019 0:00,LTC/USD,137.01,137.22,131.81,134.37,14407960.07
6/16/2019 0:00,LTC/USD,138.33,139.49,133.59,137.01,23557511.57
6/15/2019 0:00,LTC/USD,132.49,139.95,132.49,138.33,25551314.08
6/14/2019 0:00,LTC/USD,130.79,133.23,125.66,132.49,23950856.14
6/13/2019 0:00,LTC/USD,136.15,137.69,128.31,130.79,26456362.18
6/12/2019 0:00,LTC/USD,136.02,144,131,136.15,51267006.57
6/11/2019 0:00,LTC/USD,129.8,138.83,124.9,136.02,42306531.54
6/10/2019 0:00,LTC/USD,114.91,130.91,112.6,129.8,35343832.52
6/9/2019 0:00,LTC/USD,118.44,119.26,111.32,114.91,15352436.67
6/8/2019 0:00,LTC/USD,117.01,120.27,113.53,118.44,13279385.28
6/7/2019 0:00,LTC/USD,111.29,120.84,109.84,117.01,22778848.17
6/6/2019 0:00,LTC/USD,103.98,112.16,101.09,111.29,10075326.25
6/5/2019 0:00,LTC/USD,102.27,105.8,99.88,103.98,7773087.87
6/4/2019 0:00,LTC/USD,105.82,106.26,98.17,102.27,17306108.77
6/3/2019 0:00,LTC/USD,114.62,116.55,104.85,105.82,14354528.04
6/2/2019 0:00,LTC/USD,112.25,116.97,111.32,114.62,8789557.42
6/1/2019 0:00,LTC/USD,114.29,116.14,110.73,112.25,11087657.85
5/31/2019 0:00,LTC/USD,107.8,114.69,104.23,114.29,10570969.32
5/30/2019 0:00,LTC/USD,115.59,121,102.01,107.8,28528080.51
5/29/2019 0:00,LTC/USD,114.95,118.71,108.95,115.59,15266342.36
5/28/2019 0:00,LTC/USD,117.2,118.75,111.06,114.95,14735894.57
5/27/2019 0:00,LTC/USD,112.31,122.07,109.96,117.2,34103731.29
5/26/2019 0:00,LTC/USD,102.87,115,99.25,112.31,26107897.56
5/25/2019 0:00,LTC/USD,100.85,105.45,99.03,102.87,13912273.32
5/24/2019 0:00,LTC/USD,88.74,104,88.43,100.85,20076777.87
5/23/2019 0:00,LTC/USD,87.7,89.77,84.64,88.74,5752862.66
5/22/2019 0:00,LTC/USD,90.97,92.56,85.7,87.7,7269295.41
5/21/2019 0:00,LTC/USD,91.51,93.59,89.1,90.97,5580254.33
5/20/2019 0:00,LTC/USD,94.88,94.88,87,91.51,10476683.28
5/19/2019 0:00,LTC/USD,86.54,97.07,86.2,94.88,12629350.56
5/18/2019 0:00,LTC/USD,90.4,91.3,85.3,86.54,3907219.95
5/17/2019 0:00,LTC/USD,95.41,97.3,85,90.4,21637992.26
5/16/2019 0:00,LTC/USD,101.8,106.98,90.27,95.41,31838456.16
5/15/2019 0:00,LTC/USD,91.33,104,90.17,101.8,31349013.11
5/14/2019 0:00,LTC/USD,87.17,93.87,86.39,91.33,16687336.17
5/13/2019 0:00,LTC/USD,85.13,91.98,84.41,87.17,16852866.46
5/12/2019 0:00,LTC/USD,87.05,92.97,83.89,85.13,22757144.87
5/11/2019 0:00,LTC/USD,77.69,94.5,77.33,87.05,29782085.7
5/10/2019 0:00,LTC/USD,75.21,80.33,73.46,77.69,8047339.66
5/9/2019 0:00,LTC/USD,77.13,78.6,74.08,75.21,4642264.08
5/8/2019 0:00,LTC/USD,77.96,78,74.3,77.13,10112785.98
5/7/2019 0:00,LTC/USD,78.62,82.84,77.27,77.96,7799189.77
5/6/2019 0:00,LTC/USD,79.23,81.05,75.45,78.62,9197462.24
5/5/2019 0:00,LTC/USD,81.18,81.65,78.65,79.23,3696314.81
5/4/2019 0:00,LTC/USD,82.68,86.65,78.07,81.18,9233258.52
5/3/2019 0:00,LTC/USD,76.86,84.67,76.6,82.68,12163558.39
5/2/2019 0:00,LTC/USD,76.88,78.31,75.96,76.86,4618345.33
5/1/2019 0:00,LTC/USD,78.28,79.43,75.54,76.88,5759037.26
4/30/2019 0:00,LTC/USD,70.94,78.55,70.94,78.28,11039292.36
4/29/2019 0:00,LTC/USD,72.2,72.85,68.83,70.94,5913119.69
4/28/2019 0:00,LTC/USD,73.84,75.15,71.28,72.2,5412915.95
4/27/2019 0:00,LTC/USD,75.37,75.49,73.34,73.84,2961771.95
4/26/2019 0:00,LTC/USD,71.75,76.55,70.5,75.37,10381857.22
4/25/2019 0:00,LTC/USD,73.76,75.13,70.25,71.75,9807031.91
4/24/2019 0:00,LTC/USD,74.38,75.34,70.6,73.76,13368278.72
4/23/2019 0:00,LTC/USD,77.37,80.48,74.2,74.38,16243660.58
4/22/2019 0:00,LTC/USD,77.61,78.84,75.48,77.37,13345065.86
4/21/2019 0:00,LTC/USD,81.8,82.5,74,77.61,12236787.3
4/20/2019 0:00,LTC/USD,82.98,83.62,80,81.8,5021310.47
4/19/2019 0:00,LTC/USD,82.66,84.21,80.41,82.98,7262039.91
4/18/2019 0:00,LTC/USD,79.67,85.08,79.58,82.66,10613172.65
4/17/2019 0:00,LTC/USD,81.28,82.5,79.1,79.67,6036109.81
4/16/2019 0:00,LTC/USD,78.23,82.31,77.41,81.28,10441776.3
4/15/2019 0:00,LTC/USD,84.27,85.33,74.73,78.23,18926567.09
4/14/2019 0:00,LTC/USD,78.47,84.65,76.63,84.27,11612956.86
4/13/2019 0:00,LTC/USD,79.5,82,76.63,78.47,8806858.34
4/12/2019 0:00,LTC/USD,79.66,81.82,75.85,79.5,9784577.16
4/11/2019 0:00,LTC/USD,88.23,88.47,75.54,79.66,28559404.51
4/10/2019 0:00,LTC/USD,87.24,92.48,85.97,88.23,15903707.28
4/9/2019 0:00,LTC/USD,89.9,90.44,84.4,87.24,13287395.81
4/8/2019 0:00,LTC/USD,92.74,94.75,87.02,89.9,16457318.86
4/7/2019 0:00,LTC/USD,92.94,96.63,89.8,92.74,15193794.34
4/6/2019 0:00,LTC/USD,89.41,98.8,86.26,92.94,37490479.24
4/5/2019 0:00,LTC/USD,85.58,91.37,85.04,89.41,13945902.07
4/4/2019 0:00,LTC/USD,85.4,90.57,81.38,85.58,33439311.47
4/3/2019 0:00,LTC/USD,77.77,99.43,77.53,85.4,100305212.4
4/2/2019 0:00,LTC/USD,61.23,79.67,60.96,77.77,47924665.18
4/1/2019 0:00,LTC/USD,61.49,61.92,60.8,61.23,4072663.5
3/31/2019 0:00,LTC/USD,61.44,61.76,60.88,61.49,2531605.99
3/30/2019 0:00,LTC/USD,62.58,62.84,60.61,61.44,4902382.39
3/29/2019 0:00,LTC/USD,61.54,63.01,61.06,62.58,7158381.18
3/28/2019 0:00,LTC/USD,62.38,62.38,61.23,61.54,3839110.95
3/27/2019 0:00,LTC/USD,59.6,62.77,59.44,62.38,12136493.71
3/26/2019 0:00,LTC/USD,59.6,59.9,58.03,59.6,9111187.65
3/25/2019 0:00,LTC/USD,60.57,61.35,58.9,59.6,10762515.09
3/24/2019 0:00,LTC/USD,61.8,61.81,59.75,60.57,4988669.7
3/23/2019 0:00,LTC/USD,60.07,62.52,59.86,61.8,7714971.95
3/22/2019 0:00,LTC/USD,59.36,60.63,59.05,60.07,8468316.93
3/21/2019 0:00,LTC/USD,61.55,61.9,58.22,59.36,11159389.21
3/20/2019 0:00,LTC/USD,60.77,62.18,58.19,61.55,13656588.46
3/19/2019 0:00,LTC/USD,60.37,61.51,59.67,60.77,14741828.38
3/18/2019 0:00,LTC/USD,61.84,64.2,59.2,60.37,14282496.02
3/17/2019 0:00,LTC/USD,62.4,62.64,61.04,61.84,6698813.12
3/16/2019 0:00,LTC/USD,59.64,63.69,59.6,62.4,15958274.5
3/15/2019 0:00,LTC/USD,57.01,60.5,57.01,59.64,12909201.85
3/14/2019 0:00,LTC/USD,56.41,59.5,54.09,57.01,13657657.72
3/13/2019 0:00,LTC/USD,57.65,57.88,55.57,56.41,9910749.63
3/12/2019 0:00,LTC/USD,55.97,58.06,53.44,57.65,18217377.36
3/11/2019 0:00,LTC/USD,57.81,58.48,55,55.97,13738579.14
3/10/2019 0:00,LTC/USD,59,59.16,56.96,57.81,9739058.76
3/9/2019 0:00,LTC/USD,56.7,60.85,56.47,59,16573102.94
3/8/2019 0:00,LTC/USD,58,58.79,55.25,56.7,17847509.18
3/7/2019 0:00,LTC/USD,56.6,60.68,55,58,30707349.52
3/6/2019 0:00,LTC/USD,53.84,58.06,52.4,56.6,20149236.49
3/5/2019 0:00,LTC/USD,46.82,55.62,46.44,53.84,22660023.06
3/4/2019 0:00,LTC/USD,48.88,49.21,45.75,46.82,7948207.08
3/3/2019 0:00,LTC/USD,49.57,50.13,48.2,48.88,5732727.88
3/2/2019 0:00,LTC/USD,48.15,50.39,47.57,49.57,7581846.12
3/1/2019 0:00,LTC/USD,46.62,49.98,46.58,48.15,8633873.16
2/28/2019 0:00,LTC/USD,46.13,47.88,45.73,46.62,7840698.21
2/27/2019 0:00,LTC/USD,45.88,46.71,43.54,46.13,6951946.21
2/26/2019 0:00,LTC/USD,46.49,47,45.17,45.88,4338280.6
2/25/2019 0:00,LTC/USD,44.76,47.86,44.53,46.49,9272052.54
2/24/2019 0:00,LTC/USD,52.6,54.8,43.3,44.76,22862528.44
2/23/2019 0:00,LTC/USD,50.44,53.43,48.96,52.6,11450250.25
2/22/2019 0:00,LTC/USD,49.78,50.99,48.84,50.44,8141485.85
2/21/2019 0:00,LTC/USD,52.56,52.8,48.7,49.78,11302867.86
2/20/2019 0:00,LTC/USD,48.11,53.79,47.22,52.56,18191290.81
2/19/2019 0:00,LTC/USD,48.83,50.39,47.5,48.11,10577928.63
2/18/2019 0:00,LTC/USD,44.8,50.35,44.36,48.83,18960457.01
2/17/2019 0:00,LTC/USD,44.1,46.33,43.23,44.8,9612005.55
2/16/2019 0:00,LTC/USD,43.34,45.14,42.88,44.1,8473121.56
2/15/2019 0:00,LTC/USD,42.02,45.49,41.9,43.34,10381274.57
2/14/2019 0:00,LTC/USD,42.33,43.07,41.02,42.02,6308985.75
2/13/2019 0:00,LTC/USD,44.72,45.57,41.22,42.33,9991592.45
2/12/2019 0:00,LTC/USD,43.51,45.63,42.5,44.72,9971831.18
2/11/2019 0:00,LTC/USD,47.6,47.65,42.39,43.51,14916798.39
2/10/2019 0:00,LTC/USD,45.34,48.1,42.84,47.6,15868926.09
2/9/2019 0:00,LTC/USD,43.81,46.5,42.98,45.34,12099838.77
2/8/2019 0:00,LTC/USD,33.65,48.9,33.27,43.81,36968647.97
2/7/2019 0:00,LTC/USD,33.27,34,33.22,33.65,2488203.44
2/6/2019 0:00,LTC/USD,34.76,35.01,32.66,33.27,5543175.78
2/5/2019 0:00,LTC/USD,34.39,34.87,33.99,34.76,2785315.59
2/4/2019 0:00,LTC/USD,33.84,34.87,33.78,34.39,3545299.96
2/3/2019 0:00,LTC/USD,35.13,35.48,33.26,33.84,6570953.7
2/2/2019 0:00,LTC/USD,33.34,35.57,33.18,35.13,5448451.08
2/1/2019 0:00,LTC/USD,32.04,34.2,31.27,33.34,6809212.42
1/31/2019 0:00,LTC/USD,32.33,33.09,31.69,32.04,2551574.78
1/30/2019 0:00,LTC/USD,31.42,32.62,31.08,32.33,2919030.95
1/29/2019 0:00,LTC/USD,31.51,31.84,30.53,31.42,2719043.88
1/28/2019 0:00,LTC/USD,32.6,32.95,30.38,31.51,5363523.06
1/27/2019 0:00,LTC/USD,33.4,33.75,31.7,32.6,5189870.35
1/26/2019 0:00,LTC/USD,33.25,34.73,33.13,33.4,4528951.15
1/25/2019 0:00,LTC/USD,33.24,33.68,32.41,33.25,3392215.39
1/24/2019 0:00,LTC/USD,32.3,33.85,31.46,33.24,4743747.83
1/23/2019 0:00,LTC/USD,32.06,32.85,31.8,32.3,2993852.5
1/22/2019 0:00,LTC/USD,31.3,32.66,29.77,32.06,7250720.57
1/21/2019 0:00,LTC/USD,30.98,31.63,30.77,31.3,2707817.69
1/20/2019 0:00,LTC/USD,32.89,33.84,30.6,30.98,5233407.43
1/19/2019 0:00,LTC/USD,31.45,34.25,31.45,32.89,5244215.22
1/18/2019 0:00,LTC/USD,32.33,32.41,30.9,31.45,2167828.29
1/17/2019 0:00,LTC/USD,31.98,32.41,30.52,32.33,4322173.71
1/16/2019 0:00,LTC/USD,31.64,32.72,31.3,31.98,2802669.3
1/15/2019 0:00,LTC/USD,32.8,33.34,30.93,31.64,4594411.14
1/14/2019 0:00,LTC/USD,30.51,33.7,30.41,32.8,4850481.82
1/13/2019 0:00,LTC/USD,32.69,33.85,30.19,30.51,4717892.22
1/12/2019 0:00,LTC/USD,32.47,33.12,32.16,32.69,2458786.1
1/11/2019 0:00,LTC/USD,34.02,34.4,31.64,32.47,5823366.53
1/10/2019 0:00,LTC/USD,39.33,40.11,32.73,34.02,12953754.09
1/9/2019 0:00,LTC/USD,40.16,41.3,39.1,39.33,7423810.38
1/8/2019 0:00,LTC/USD,38.65,42.23,38.48,40.16,12666043.51
1/7/2019 0:00,LTC/USD,40.08,40.97,38.22,38.65,4923462.87
1/6/2019 0:00,LTC/USD,35.61,41.4,35.22,40.08,21193116.28
1/5/2019 0:00,LTC/USD,33.14,37.45,33.14,35.61,10878805.87
1/4/2019 0:00,LTC/USD,32.75,33.89,32,33.14,3290346.07
1/3/2019 0:00,LTC/USD,34.29,34.43,32,32.75,2995688.88
1/2/2019 0:00,LTC/USD,32.94,35,32.59,34.29,3493783.9
1/1/2019 0:00,LTC/USD,30.96,33.34,30.73,32.94,3326755.57
12/31/2018 0:00,LTC/USD,32.87,32.94,30.56,30.96,2834140.48
12/30/2018 0:00,LTC/USD,31.9,33.18,31.3,32.87,4069601.79
12/29/2018 0:00,LTC/USD,33.47,34.67,31.45,31.9,5647032.66
12/28/2018 0:00,LTC/USD,28.69,34.95,28.64,33.47,7547998.72
12/27/2018 0:00,LTC/USD,31.53,32.21,28.22,28.69,4684407.27
12/26/2018 0:00,LTC/USD,31.92,33.06,29.75,31.53,5574910.03
12/25/2018 0:00,LTC/USD,33.88,33.92,30.68,31.92,6318627.5
12/24/2018 0:00,LTC/USD,34.12,37.69,33.33,33.88,10796986.37
12/23/2018 0:00,LTC/USD,32.82,35,32.66,34.12,7294066.93
12/22/2018 0:00,LTC/USD,31.31,32.9,30.73,32.82,4374504.66
12/21/2018 0:00,LTC/USD,33.54,34.2,30.64,31.31,7526893.74
12/20/2018 0:00,LTC/USD,29.95,34.26,29.7,33.54,13078180.97
12/19/2018 0:00,LTC/USD,30.97,33.03,29.63,29.95,10848258.08
12/18/2018 0:00,LTC/USD,29.88,31.15,28.64,30.97,7490502.28
12/17/2018 0:00,LTC/USD,26.12,31.43,25.99,29.88,15620501.1
12/16/2018 0:00,LTC/USD,24.13,27.58,24.08,26.12,11239181.27
12/15/2018 0:00,LTC/USD,23.77,24.6,23.43,24.13,3316903.45
12/14/2018 0:00,LTC/USD,23.47,24.11,22.84,23.77,3895154.87
12/13/2018 0:00,LTC/USD,24.77,24.88,23.27,23.47,3776193.94
12/12/2018 0:00,LTC/USD,23.77,25.9,23.58,24.77,5095597.85
12/11/2018 0:00,LTC/USD,24.78,25.25,23.29,23.77,2965729.89
12/10/2018 0:00,LTC/USD,26.04,26.47,24.26,24.78,4582420.53
12/9/2018 0:00,LTC/USD,24.94,27.6,24.87,26.04,4995604.31
12/8/2018 0:00,LTC/USD,25.44,27.9,23.35,24.94,9420778.46
12/7/2018 0:00,LTC/USD,26.9,27.01,22.54,25.44,10999438.54
12/6/2018 0:00,LTC/USD,29.25,30.68,26.27,26.9,8798331.35
12/5/2018 0:00,LTC/USD,31.28,31.57,29.2,29.25,4596648.2
12/4/2018 0:00,LTC/USD,31.06,32.57,29.95,31.28,4655659.94
12/3/2018 0:00,LTC/USD,34,34.13,30.1,31.06,5803916.67
12/2/2018 0:00,LTC/USD,34.62,35.77,33.25,34,3970652.15
12/1/2018 0:00,LTC/USD,32.2,35.48,31.5,34.62,5091503.82
11/30/2018 0:00,LTC/USD,34.07,34.67,31.21,32.2,5015724.89
11/29/2018 0:00,LTC/USD,35.1,36.01,33.35,34.07,5421195.09
11/28/2018 0:00,LTC/USD,31.64,36.85,31.45,35.1,9447746.87
11/27/2018 0:00,LTC/USD,30.22,32.29,29.12,31.64,5732704.88
11/26/2018 0:00,LTC/USD,31.55,32.84,28.59,30.22,9495573.69
11/25/2018 0:00,LTC/USD,29.73,32.88,27.73,31.55,11331026.33
11/24/2018 0:00,LTC/USD,32.73,34.16,29.05,29.73,6857804.36
11/23/2018 0:00,LTC/USD,32.09,33.84,31.06,32.73,5112850.57
11/22/2018 0:00,LTC/USD,35.16,35.61,31.81,32.09,3839259.1
11/21/2018 0:00,LTC/USD,33.84,35.32,32.18,35.16,8148577.5
11/20/2018 0:00,LTC/USD,37.15,38.9,31.54,33.84,18925346.71
11/19/2018 0:00,LTC/USD,42.57,42.59,36,37.15,12862307.28
11/18/2018 0:00,LTC/USD,42.48,43.81,42.21,42.57,1834347.01
11/17/2018 0:00,LTC/USD,43,43,42,42.48,1359188.92
11/16/2018 0:00,LTC/USD,44.69,44.9,42.37,43,4182201.58
11/15/2018 0:00,LTC/USD,45,45.55,41,44.69,12868888.16
11/14/2018 0:00,LTC/USD,50.43,51.43,41.93,45,12628309.16
11/13/2018 0:00,LTC/USD,51.28,51.67,49.64,50.43,2961846.85
11/12/2018 0:00,LTC/USD,51.46,52.05,50.55,51.28,2112055.17
11/11/2018 0:00,LTC/USD,52.52,52.57,49.94,51.46,3325700.45
11/10/2018 0:00,LTC/USD,52.29,53.03,52.01,52.52,1248138.62
11/9/2018 0:00,LTC/USD,52.73,53.13,51.64,52.29,2305107.37
11/8/2018 0:00,LTC/USD,54.49,55.04,52.48,52.73,2752591.69
11/7/2018 0:00,LTC/USD,56.43,56.95,53.62,54.49,4368568.63
11/6/2018 0:00,LTC/USD,53.97,56.66,53.91,56.43,4009146.52
11/5/2018 0:00,LTC/USD,54.67,55.12,53.14,53.97,3505550.87
11/4/2018 0:00,LTC/USD,51.08,56.36,50.85,54.67,6523378.78
11/3/2018 0:00,LTC/USD,51.75,51.79,50.72,51.08,1522640.27
11/2/2018 0:00,LTC/USD,50.62,52.23,50.62,51.75,3383470.02
11/1/2018 0:00,LTC/USD,49.96,50.83,49.81,50.62,1906255.01
10/31/2018 0:00,LTC/USD,49.33,50.7,48,49.96,3547221.09
10/30/2018 0:00,LTC/USD,49.13,49.96,48.97,49.33,1581408.17
10/29/2018 0:00,LTC/USD,52.05,52.23,48,49.13,4974041.45
10/28/2018 0:00,LTC/USD,52.3,52.57,51.6,52.05,1880897.28
10/27/2018 0:00,LTC/USD,52.65,52.88,52,52.3,1530553.04
10/26/2018 0:00,LTC/USD,52.87,53.59,52.25,52.65,3240781.33
10/25/2018 0:00,LTC/USD,53.02,53.31,52.6,52.87,1325475.64
10/24/2018 0:00,LTC/USD,53.32,53.93,52.98,53.02,1632142.84
10/23/2018 0:00,LTC/USD,53.07,54,52.56,53.32,2548445.47
10/22/2018 0:00,LTC/USD,53.63,54.21,52.8,53.07,1847621.91
10/21/2018 0:00,LTC/USD,54.25,54.98,53.39,53.63,1619557.9
10/20/2018 0:00,LTC/USD,53.71,54.59,53.3,54.25,1289215.35
10/19/2018 0:00,LTC/USD,53.5,54.76,53.21,53.71,2043559.84
10/18/2018 0:00,LTC/USD,55.38,55.85,52.86,53.5,2547751.76
10/17/2018 0:00,LTC/USD,55.59,55.68,54.4,55.38,2941762.39
10/16/2018 0:00,LTC/USD,56.08,57.11,54.86,55.59,2879839.11
10/15/2018 0:00,LTC/USD,52.58,62.14,52.14,56.08,16203655.13
10/14/2018 0:00,LTC/USD,54.09,54.4,52.14,52.58,3585899.41
10/13/2018 0:00,LTC/USD,53.72,54.92,53.37,54.09,3133786.52
10/12/2018 0:00,LTC/USD,51.27,54.19,50.89,53.72,5533588.88
10/11/2018 0:00,LTC/USD,58.48,58.53,50.46,51.27,10238339.71
10/10/2018 0:00,LTC/USD,59.06,59.1,57.33,58.48,3070840.13
10/9/2018 0:00,LTC/USD,59.67,59.83,58.49,59.06,2564316.46
10/8/2018 0:00,LTC/USD,58.3,60.26,57.71,59.67,6498624.57
10/7/2018 0:00,LTC/USD,57.92,58.67,56.94,58.3,3476104.62
10/6/2018 0:00,LTC/USD,59.03,59.21,56.9,57.92,4252601.89
10/5/2018 0:00,LTC/USD,58.3,59.95,57.62,59.03,4874900.81
10/4/2018 0:00,LTC/USD,57.57,59.42,57.39,58.3,4862558.81
10/3/2018 0:00,LTC/USD,59.5,59.58,56.4,57.57,6399542.2
10/2/2018 0:00,LTC/USD,60.39,61.86,58.93,59.5,6038657.75
10/1/2018 0:00,LTC/USD,61.22,62.09,59.25,60.39,5666056.93
9/30/2018 0:00,LTC/USD,61.64,63.36,59.86,61.22,11159803.31
9/29/2018 0:00,LTC/USD,61.95,62.34,58.9,61.64,6925510.15
9/28/2018 0:00,LTC/USD,63.33,64.98,60.18,61.95,13714435.95
9/27/2018 0:00,LTC/USD,57.25,65.82,56.68,63.33,23550297.8
9/26/2018 0:00,LTC/USD,57.52,59.86,56.44,57.25,8379103.03
9/25/2018 0:00,LTC/USD,57.96,58.13,54.34,57.52,12077798.11
9/24/2018 0:00,LTC/USD,61.41,61.49,57.01,57.96,10923594.45
9/23/2018 0:00,LTC/USD,60.68,63.8,59.98,61.41,9562004.89
9/22/2018 0:00,LTC/USD,60.92,61.96,58.04,60.68,10567540.96
9/21/2018 0:00,LTC/USD,56.65,62.92,56.35,60.92,13793892.83
9/20/2018 0:00,LTC/USD,54.36,57.44,53.42,56.65,5342603.18
9/19/2018 0:00,LTC/USD,54,55.17,51.62,54.36,9010819.08
9/18/2018 0:00,LTC/USD,52.09,55.57,50.43,54,8113288.14
9/17/2018 0:00,LTC/USD,56.79,57.94,51.28,52.09,9092169.23
9/16/2018 0:00,LTC/USD,56.34,57.53,54.4,56.79,5434238.15
9/15/2018 0:00,LTC/USD,56.18,58.82,55.61,56.34,6348379.68
9/14/2018 0:00,LTC/USD,54.4,59,52.87,56.18,11099265.05
9/13/2018 0:00,LTC/USD,51.65,55.34,51.64,54.4,8800286.34
9/12/2018 0:00,LTC/USD,52.06,52.18,47.22,51.65,8838274.37
9/11/2018 0:00,LTC/USD,54.39,54.76,49.9,52.06,8524179.67
9/10/2018 0:00,LTC/USD,54.73,56.62,53.08,54.39,7121173.93
9/9/2018 0:00,LTC/USD,53.05,56.78,52.13,54.73,7564232.97
9/8/2018 0:00,LTC/USD,55.52,57.22,51.82,53.05,6444998.17
9/7/2018 0:00,LTC/USD,57.54,58.54,55.04,55.52,5326614.51
9/6/2018 0:00,LTC/USD,57.76,57.91,53.91,57.54,14258906.52
9/5/2018 0:00,LTC/USD,67.6,68.37,57.61,57.76,15637006.87
9/4/2018 0:00,LTC/USD,65.41,69.37,65.38,67.6,9382736.29
9/3/2018 0:00,LTC/USD,66.25,66.58,64.29,65.41,4168262.09
9/2/2018 0:00,LTC/USD,66.5,67.3,64.16,66.25,4304714.43
9/1/2018 0:00,LTC/USD,62.13,67.91,62.13,66.5,9159692.91
8/31/2018 0:00,LTC/USD,60.25,62.71,59.57,62.13,3849781.58
8/30/2018 0:00,LTC/USD,61.53,61.67,58.57,60.25,4329378.33
8/29/2018 0:00,LTC/USD,63.15,63.41,60.33,61.53,4541840.18
8/28/2018 0:00,LTC/USD,60.72,63.9,59.7,63.15,7673937.27
8/27/2018 0:00,LTC/USD,57.07,61.23,56.62,60.72,5566047.43
8/26/2018 0:00,LTC/USD,57.87,58.11,55.85,57.07,2272800.19
8/25/2018 0:00,LTC/USD,57.89,58.52,57.07,57.87,2683877.6
8/24/2018 0:00,LTC/USD,57.27,58.38,55.49,57.89,3331122.98
8/23/2018 0:00,LTC/USD,55.16,57.97,54.69,57.27,4353973.43
8/22/2018 0:00,LTC/USD,56.42,59.77,53.87,55.16,9942266.86
8/21/2018 0:00,LTC/USD,53.4,56.88,53.25,56.42,4743218.44
8/20/2018 0:00,LTC/USD,57.78,58.54,53.11,53.4,9817207.49
8/19/2018 0:00,LTC/USD,57.13,59.03,56.19,57.78,4480683.15
8/18/2018 0:00,LTC/USD,61.81,62.37,55.15,57.13,8015576.82
8/17/2018 0:00,LTC/USD,55.3,61.92,55.07,61.81,8551926.69
8/16/2018 0:00,LTC/USD,54.36,57.63,54.03,55.3,5017997.56
8/15/2018 0:00,LTC/USD,54.34,59.42,53.86,54.36,12750961.41
8/14/2018 0:00,LTC/USD,56.48,56.48,49.14,54.34,10957864.65
8/13/2018 0:00,LTC/USD,59.29,60.55,55.63,56.48,5042253.04
8/12/2018 0:00,LTC/USD,57.67,61.6,57.11,59.29,6620663.88
8/11/2018 0:00,LTC/USD,59.13,59.95,54.83,57.67,10454090.16
8/10/2018 0:00,LTC/USD,62.9,63.11,57.93,59.13,7179799.24
8/9/2018 0:00,LTC/USD,62.14,65.09,59.99,62.9,7870538.85
8/8/2018 0:00,LTC/USD,67.28,67.48,60.86,62.14,12100902.37
8/7/2018 0:00,LTC/USD,73.57,75.15,66.71,67.28,11044966.44
8/6/2018 0:00,LTC/USD,74.64,76.79,72.38,73.57,3466169.38
8/5/2018 0:00,LTC/USD,73,74.67,72.19,74.64,3772577.09
8/4/2018 0:00,LTC/USD,77.56,78.15,72.1,73,4875920.28
8/3/2018 0:00,LTC/USD,76.13,77.86,74.86,77.56,4355305.41
8/2/2018 0:00,LTC/USD,77.64,78.43,75.48,76.13,3272534.8
8/1/2018 0:00,LTC/USD,78.78,79.02,75.91,77.64,7220832.8
7/31/2018 0:00,LTC/USD,82.17,82.45,76.02,78.78,8598690.8
7/30/2018 0:00,LTC/USD,84.08,84.8,79.74,82.17,7239703.53
7/29/2018 0:00,LTC/USD,84.19,85.52,83.38,84.08,3136978.13
7/28/2018 0:00,LTC/USD,84.42,84.73,82.34,84.19,2715292.7
7/27/2018 0:00,LTC/USD,83.6,85,81.51,84.42,6844291.34
7/26/2018 0:00,LTC/USD,86.4,87.91,82.88,83.6,5438661.84
7/25/2018 0:00,LTC/USD,89.41,90.57,84.83,86.4,6791528.92
7/24/2018 0:00,LTC/USD,81.39,89.77,80.81,89.41,15865068.32
7/23/2018 0:00,LTC/USD,82.22,85.91,81.18,81.39,9547274.62
7/22/2018 0:00,LTC/USD,83.44,84.23,81.64,82.22,5215293.39
7/21/2018 0:00,LTC/USD,81.89,84.82,79.47,83.44,4663073.57
7/20/2018 0:00,LTC/USD,86.13,86.61,80.99,81.89,9529861.49
7/19/2018 0:00,LTC/USD,86.32,88.9,85,86.13,8518696.64
7/18/2018 0:00,LTC/USD,89.07,94.44,85.1,86.32,18626324.29
7/17/2018 0:00,LTC/USD,83.66,90.19,81.4,89.07,13806171.79
7/16/2018 0:00,LTC/USD,78.67,84.24,77.7,83.66,14530675.42
7/15/2018 0:00,LTC/USD,76.18,79.53,75.01,78.67,6091263.42
7/14/2018 0:00,LTC/USD,76.48,77.45,75.39,76.18,4641879.72
7/13/2018 0:00,LTC/USD,77,78.66,75.05,76.48,9740092.63
7/12/2018 0:00,LTC/USD,78.18,78.24,74.29,77,9216309.52
7/11/2018 0:00,LTC/USD,75.87,81,75.42,78.18,13404807.83
7/10/2018 0:00,LTC/USD,80.45,80.56,74.28,75.87,14737172.72
7/9/2018 0:00,LTC/USD,82.18,83.18,79.96,80.45,7709340.93
7/8/2018 0:00,LTC/USD,85.02,86,81.78,82.18,8773740.17
7/7/2018 0:00,LTC/USD,83.12,86,79.4,85.02,9245601.64
7/6/2018 0:00,LTC/USD,83.32,84.27,80.72,83.12,7711279.63
7/5/2018 0:00,LTC/USD,85.42,87.18,81.72,83.32,13921333.13
7/4/2018 0:00,LTC/USD,85.02,89.49,83.39,85.42,9401587.81
7/3/2018 0:00,LTC/USD,85.57,89.85,84.01,85.02,12394466.56
7/2/2018 0:00,LTC/USD,79.91,86.76,78.19,85.57,11307691.02
7/1/2018 0:00,LTC/USD,81.22,81.58,77.68,79.91,7876787.88
6/30/2018 0:00,LTC/USD,79.15,84.35,79.07,81.22,16244490.46
6/29/2018 0:00,LTC/USD,74.03,81.26,72.5,79.15,16143426.34
6/28/2018 0:00,LTC/USD,80.69,81.37,73.92,74.03,9587904.34
6/27/2018 0:00,LTC/USD,75.8,81.8,74.88,80.69,9196167.06
6/26/2018 0:00,LTC/USD,81.49,82.53,75.3,75.8,8420646.91
6/25/2018 0:00,LTC/USD,80.6,84.52,78.55,81.49,11255897.17
6/24/2018 0:00,LTC/USD,82.66,83.73,73.29,80.6,19478622.12
6/23/2018 0:00,LTC/USD,84.9,86.77,81.3,82.66,10091721.17
6/22/2018 0:00,LTC/USD,96.71,96.89,79.93,84.9,24721646.32
6/21/2018 0:00,LTC/USD,97.88,99.33,95.87,96.71,5763241.96
6/20/2018 0:00,LTC/USD,98.76,99.06,95.18,97.88,5945991.98
6/19/2018 0:00,LTC/USD,98.84,101.64,96.89,98.76,9929512.45
6/18/2018 0:00,LTC/USD,94.87,100.15,92.94,98.84,13183775.55
6/17/2018 0:00,LTC/USD,96.64,98.47,94.5,94.87,7220427.06
6/16/2018 0:00,LTC/USD,95.5,97.58,92.61,96.64,9872823.03
6/15/2018 0:00,LTC/USD,100.81,100.85,94.63,95.5,11741588.73
6/14/2018 0:00,LTC/USD,93.52,102.86,92.47,100.81,15231025.84
6/13/2018 0:00,LTC/USD,99.82,100.33,89.15,93.52,23763650.73
6/12/2018 0:00,LTC/USD,106.89,108.24,97.04,99.82,21214713.35
6/11/2018 0:00,LTC/USD,106.41,108.49,102.46,106.89,17463333.45
6/10/2018 0:00,LTC/USD,117.31,117.31,102.7,106.41,35698051.05
6/9/2018 0:00,LTC/USD,119.97,121.21,116.6,117.31,3854293.02
6/8/2018 0:00,LTC/USD,121.65,122.17,117.97,119.97,6170442
6/7/2018 0:00,LTC/USD,121.55,123.97,119.29,121.65,11032485.57
6/6/2018 0:00,LTC/USD,122.39,122.94,118.2,121.55,8746442.28
6/5/2018 0:00,LTC/USD,119.89,123.03,115.74,122.39,8407200.66
6/4/2018 0:00,LTC/USD,125.42,126.93,118.11,119.89,8353086.8
6/3/2018 0:00,LTC/USD,123.69,129.87,122,125.42,13812278.91
6/2/2018 0:00,LTC/USD,120.4,124.73,118.59,123.69,13327854.92
6/1/2018 0:00,LTC/USD,118.31,120.68,116.56,120.4,9803155.49
5/31/2018 0:00,LTC/USD,117.16,121,116.27,118.31,10743142.76
5/30/2018 0:00,LTC/USD,119.52,123,114.42,117.16,11532771.17
5/29/2018 0:00,LTC/USD,110.9,122.93,109.39,119.52,16406738.83
5/28/2018 0:00,LTC/USD,117.84,119.17,110,110.9,11483217.28
5/27/2018 0:00,LTC/USD,118.38,119,116.3,117.84,6149956.96
5/26/2018 0:00,LTC/USD,119.04,122.49,117.18,118.38,5286190.58
5/25/2018 0:00,LTC/USD,122.68,124.27,116.61,119.04,9344901.49
5/24/2018 0:00,LTC/USD,118.32,124.45,114.28,122.68,14311370
5/23/2018 0:00,LTC/USD,127.9,129.29,116,118.32,16551888.64
5/22/2018 0:00,LTC/USD,134.12,136,127.39,127.9,7534021.56
5/21/2018 0:00,LTC/USD,139.75,140.32,133.71,134.12,7465734.94
5/20/2018 0:00,LTC/USD,135.14,140.99,132.62,139.75,8202753.15
5/19/2018 0:00,LTC/USD,136.08,137.8,132.71,135.14,5355422.36
5/18/2018 0:00,LTC/USD,132.43,137.98,128.77,136.08,12191767.93
5/17/2018 0:00,LTC/USD,139.17,141.43,130.89,132.43,10870539.06
5/16/2018 0:00,LTC/USD,139.25,141.16,133.92,139.17,11571596.13
5/15/2018 0:00,LTC/USD,147.42,149.74,137.37,139.25,20272595.65
5/14/2018 0:00,LTC/USD,144.24,153.01,134.13,147.42,44645770.93
5/13/2018 0:00,LTC/USD,141.44,146.78,136.28,144.24,16351241.53
5/12/2018 0:00,LTC/USD,136.41,144.36,130.9,141.44,22433365.9
5/11/2018 0:00,LTC/USD,148.14,148.32,132.56,136.41,35688467.28
5/10/2018 0:00,LTC/USD,156.7,160.97,147.3,148.14,16178706.09
5/9/2018 0:00,LTC/USD,159.07,160.1,150.66,156.7,19937523.9
5/8/2018 0:00,LTC/USD,164.3,168.31,157.02,159.07,20691556.75
5/7/2018 0:00,LTC/USD,172.3,172.67,157.55,164.3,31963582.88
5/6/2018 0:00,LTC/USD,178.81,184.7,165.33,172.3,38788949.94
5/5/2018 0:00,LTC/USD,169.33,183.98,168.28,178.81,42204250.91
5/4/2018 0:00,LTC/USD,161.55,172.01,157.5,169.33,33675654.01
5/3/2018 0:00,LTC/USD,151.72,165,150.19,161.55,35780740.22
5/2/2018 0:00,LTC/USD,148.03,153.9,146.04,151.72,13482990.1
5/1/2018 0:00,LTC/USD,148.07,149,142.9,148.03,19379610.76
4/30/2018 0:00,LTC/USD,153.46,154.73,146.67,148.07,12813968.9
4/29/2018 0:00,LTC/USD,151.99,156.8,147.73,153.46,17296081.36
4/28/2018 0:00,LTC/USD,145.68,153.8,145,151.99,15572876.09
4/27/2018 0:00,LTC/USD,153.12,153.79,145.09,145.68,25245570.66
4/26/2018 0:00,LTC/USD,144.98,154.69,141.75,153.12,23280454.95
4/25/2018 0:00,LTC/USD,164.57,164.95,142.3,144.98,47531726.84
4/24/2018 0:00,LTC/USD,152.5,166.3,152.43,164.57,44331378.44
4/23/2018 0:00,LTC/USD,146.5,154.45,146.14,152.5,20872563.28
4/22/2018 0:00,LTC/USD,148.5,153.29,144.07,146.5,16936574.18
4/21/2018 0:00,LTC/USD,155.73,157.09,140.74,148.5,32782819.73
4/20/2018 0:00,LTC/USD,146.61,156.88,143.39,155.73,25494911.35
4/19/2018 0:00,LTC/USD,140.26,147.66,138.49,146.61,28268322.88
4/18/2018 0:00,LTC/USD,132.2,141.59,132.2,140.26,21977883.41
4/17/2018 0:00,LTC/USD,128.82,140.49,128.57,132.2,38996910.69
4/16/2018 0:00,LTC/USD,132.66,133.46,125,128.82,15035985.07
4/15/2018 0:00,LTC/USD,126.36,133.06,126.01,132.66,15526757.25
4/14/2018 0:00,LTC/USD,125.54,129.76,124.3,126.36,12442060.44
4/13/2018 0:00,LTC/USD,129.54,133.91,124.01,125.54,38825440.45
4/12/2018 0:00,LTC/USD,118.35,130.97,113.11,129.54,48793128.7
4/11/2018 0:00,LTC/USD,114.2,120.66,112.89,118.35,15259252.74
4/10/2018 0:00,LTC/USD,114.79,115.22,111.3,114.2,9623145.68
4/9/2018 0:00,LTC/USD,117.6,123.41,112.5,114.79,19634215.03
4/8/2018 0:00,LTC/USD,115.92,118.74,115.18,117.6,12204669.84
4/7/2018 0:00,LTC/USD,112.85,120,112.12,115.92,16966176.97
4/6/2018 0:00,LTC/USD,118.45,120.24,111.7,112.85,15611665.35
4/5/2018 0:00,LTC/USD,118.18,122.5,113.58,118.45,19790654.45
4/4/2018 0:00,LTC/USD,134,134.61,114.75,118.18,39763575.3
4/3/2018 0:00,LTC/USD,119.17,136.62,118.1,134,25353823.01
4/2/2018 0:00,LTC/USD,114.9,121.55,113.83,119.17,17525763.83
4/1/2018 0:00,LTC/USD,116,118.21,109.35,114.9,20587973.88
3/31/2018 0:00,LTC/USD,118.28,124.37,115.42,116,20515940.42
3/30/2018 0:00,LTC/USD,114.58,126.2,109.43,118.28,39751216.44
3/29/2018 0:00,LTC/USD,131.53,132.33,112.69,114.58,45740204.42
3/28/2018 0:00,LTC/USD,134.87,140.12,130.03,131.53,22939025.81
3/27/2018 0:00,LTC/USD,148.09,149.34,134.76,134.87,31045944.95
3/26/2018 0:00,LTC/USD,159.95,161,141.95,148.09,40783355.78
3/25/2018 0:00,LTC/USD,158.95,162.9,156.87,159.95,14405579.48
3/24/2018 0:00,LTC/USD,168.76,170,158,158.95,19531061.79
3/23/2018 0:00,LTC/USD,163.77,169.19,156.5,168.76,22219048.06
3/22/2018 0:00,LTC/USD,168.53,172.68,159.66,163.77,26291169.07
3/21/2018 0:00,LTC/USD,168.73,175.24,165.45,168.53,24003661.05
3/20/2018 0:00,LTC/USD,161.49,173.7,154.68,168.73,29083670.85
3/19/2018 0:00,LTC/USD,153.54,163.67,151.14,161.49,36878081.85
3/18/2018 0:00,LTC/USD,152.2,157.67,137.13,153.54,49026045.22
3/17/2018 0:00,LTC/USD,163.84,165.58,150.02,152.2,22468506.64
3/16/2018 0:00,LTC/USD,164.08,172,158,163.84,28554008.73
3/15/2018 0:00,LTC/USD,160.11,168,149.77,164.08,45605712.09
3/14/2018 0:00,LTC/USD,175.14,176.63,157.35,160.11,29557222.06
3/13/2018 0:00,LTC/USD,177.42,182.46,170.36,175.14,34979501.59
3/12/2018 0:00,LTC/USD,188.18,193.33,174.05,177.42,39537008.85
3/11/2018 0:00,LTC/USD,176.5,193.49,170.3,188.18,45754854.2
3/10/2018 0:00,LTC/USD,186.04,194.73,174.39,176.5,46532181.47
3/9/2018 0:00,LTC/USD,175.48,189.99,158.72,186.04,82109470.64
3/8/2018 0:00,LTC/USD,185.17,187.71,172.98,175.48,33599360.85
3/7/2018 0:00,LTC/USD,196.14,199.38,173.12,185.17,55391666.63
3/6/2018 0:00,LTC/USD,210,210.03,191.7,196.14,34638909.66
3/5/2018 0:00,LTC/USD,213.47,216.99,208.74,210,22875064.56
3/4/2018 0:00,LTC/USD,209.92,215.22,203.69,213.47,20298685.03
3/3/2018 0:00,LTC/USD,213.32,218.98,208.67,209.92,36231927.62
3/2/2018 0:00,LTC/USD,209.26,214.11,203.59,213.32,24336827.38
3/1/2018 0:00,LTC/USD,202.02,215.65,200.19,209.26,30067429.24
2/28/2018 0:00,LTC/USD,214.96,223.51,201.35,202.02,48209595.25
2/27/2018 0:00,LTC/USD,218.36,223.65,211.24,214.96,46735765.04
2/26/2018 0:00,LTC/USD,218.13,232.79,214.11,218.36,93828598.12
2/25/2018 0:00,LTC/USD,206.33,222.95,199.22,218.13,68400041.67
2/24/2018 0:00,LTC/USD,206.21,218.43,193.88,206.33,66554904.61
2/23/2018 0:00,LTC/USD,192.47,215.62,181.86,206.21,78869408.7
2/22/2018 0:00,LTC/USD,210.05,221,187.98,192.47,90753309.02
2/21/2018 0:00,LTC/USD,228.98,231.32,203.29,210.05,103997421.8
2/20/2018 0:00,LTC/USD,221.63,252.86,221,228.98,149349900.6
2/19/2018 0:00,LTC/USD,213.57,227.4,212.85,221.63,51688963.63
2/18/2018 0:00,LTC/USD,228.9,231.54,211,213.57,76356616.61
2/17/2018 0:00,LTC/USD,228.5,232.88,222.96,228.9,45227483.54
2/16/2018 0:00,LTC/USD,220.47,235,209,228.5,103385924
2/15/2018 0:00,LTC/USD,211.97,236.3,207,220.47,159883524
2/14/2018 0:00,LTC/USD,159.19,216.89,159.19,211.97,178244274.3
2/13/2018 0:00,LTC/USD,161.39,162.56,152.04,159.19,17105321.44
2/12/2018 0:00,LTC/USD,148.92,164.17,148.81,161.39,31079865.92
2/11/2018 0:00,LTC/USD,154.82,156,141.28,148.92,28090026.89
2/10/2018 0:00,LTC/USD,163.61,169.3,146.85,154.82,51587512.46
2/9/2018 0:00,LTC/USD,149.86,164.96,141.41,163.61,44030140.08
2/8/2018 0:00,LTC/USD,137.93,151.63,137,149.86,40370035.94
2/7/2018 0:00,LTC/USD,141.81,157.2,130.5,137.93,66893532.19
2/6/2018 0:00,LTC/USD,125.32,146.81,106.52,141.81,107143151.8
2/5/2018 0:00,LTC/USD,147.47,154.46,117.35,125.32,98387951.7
2/4/2018 0:00,LTC/USD,161.35,174.3,136.14,147.47,116518650.3
2/3/2018 0:00,LTC/USD,132,166.4,120.16,161.35,55752575.11
2/2/2018 0:00,LTC/USD,143.2,143.59,107.08,132,66606927.45
2/1/2018 0:00,LTC/USD,164.5,167.58,133,143.2,38400343.02
1/31/2018 0:00,LTC/USD,167.35,167.92,157.08,164.5,23528055.03
1/30/2018 0:00,LTC/USD,181.51,181.99,160.29,167.35,35852595.99
1/29/2018 0:00,LTC/USD,196.08,196.55,178.19,181.51,19964446.24
1/28/2018 0:00,LTC/USD,181.49,197.28,181.03,196.08,21932031.19
1/27/2018 0:00,LTC/USD,175.37,185.89,173.43,181.49,23102957.55
1/26/2018 0:00,LTC/USD,178.8,182.8,164.49,175.37,20766213.6
1/25/2018 0:00,LTC/USD,180.36,185,174.84,178.8,19000237.17
1/24/2018 0:00,LTC/USD,177.64,185.17,171.73,180.36,24550064.17
1/23/2018 0:00,LTC/USD,179.54,186.5,164.02,177.64,35546185.19
1/22/2018 0:00,LTC/USD,189.96,195.01,165,179.54,38461130.67
1/21/2018 0:00,LTC/USD,209.85,210.2,182.1,189.96,29661525.97
1/20/2018 0:00,LTC/USD,191.68,214.55,191.67,209.85,34243701.46
1/19/2018 0:00,LTC/USD,187.66,200.54,180.51,191.68,44105187.73
1/18/2018 0:00,LTC/USD,186.71,204.82,171.94,187.66,76156073.3
1/17/2018 0:00,LTC/USD,181.8,195.33,137.32,186.71,107050096.8
1/16/2018 0:00,LTC/USD,231.05,231.61,148.14,181.8,135980600.7
1/15/2018 0:00,LTC/USD,235.24,244.42,230,231.05,38676542.31
1/14/2018 0:00,LTC/USD,257.7,269.99,226,235.24,68493038.68
1/13/2018 0:00,LTC/USD,234.96,263.22,234.63,257.7,60171917.3
1/12/2018 0:00,LTC/USD,225.52,242,217.8,234.96,42691492.66
1/11/2018 0:00,LTC/USD,249.24,252.97,212.01,225.52,81651038.24
1/10/2018 0:00,LTC/USD,245,249.88,227.4,249.24,67615229.04
1/9/2018 0:00,LTC/USD,252.77,259,236.09,245,67425743.12
1/8/2018 0:00,LTC/USD,271.05,274,230.18,252.77,89306586.26
1/7/2018 0:00,LTC/USD,278,289,264.01,271.05,71550551.88
1/6/2018 0:00,LTC/USD,242.9,306.85,242,278,201285692.7
1/5/2018 0:00,LTC/USD,237.76,252,232,242.9,96383378.17
1/4/2018 0:00,LTC/USD,244.21,245.3,222.56,237.76,81203990.28
1/3/2018 0:00,LTC/USD,250.11,255.28,239.24,244.21,61789971.39
1/2/2018 0:00,LTC/USD,223.51,259,223.51,250.11,96343724.87
1/1/2018 0:00,LTC/USD,225.4,233.08,214.5,223.51,39817144.56
